gate,cell,defect,direction,distance_nm,signed_displacement_nm,output_polarization_positive,output_polarization_negative,total_energy_eV,total_energy_error_eV,avg_energy_per_cycle_eV,avg_energy_error_eV,qca_file,status,seconds
LT NAND,Z,none,,0,0,0.953971,-0.948159,0.000739,-6.99e-05,6.72e-05,-6.35e-06,LT_NAND__Z__baseline.qca,ok,0.3
LT NAND,Z,displacement,north,0.1,-0.1,0.953949,-0.948132,0.000739,-6.99e-05,6.72e-05,-6.35e-06,LT_NAND__Z__north_0.100.qca,ok,0.3
LT NAND,Z,displacement,north,0.2,-0.2,0.953883,-0.948053,0.000739,-6.99e-05,6.72e-05,-6.36e-06,LT_NAND__Z__north_0.200.qca,ok,0.3
LT NAND,Z,displacement,north,0.3,-0.3,0.953772,-0.94792,0.00074,-6.99e-05,6.72e-05,-6.36e-06,LT_NAND__Z__north_0.300.qca,ok,0.3
LT NAND,Z,displacement,north,0.4,-0.4,0.953618,-0.947733,0.00074,-7e-05,6.73e-05,-6.36e-06,LT_NAND__Z__north_0.400.qca,ok,0.3
LT NAND,Z,displacement,north,0.5,-0.5,0.953418,-0.947491,0.00074,-7.01e-05,6.73e-05,-6.37e-06,LT_NAND__Z__north_0.500.qca,ok,0.3
LT NAND,Z,displacement,north,0.6,-0.6,0.953172,-0.947194,0.000741,-7.01e-05,6.73e-05,-6.38e-06,LT_NAND__Z__north_0.600.qca,ok,0.3
LT NAND,Z,displacement,north,0.7,-0.7,0.95288,-0.94684,0.000741,-7.02e-05,6.74e-05,-6.39e-06,LT_NAND__Z__north_0.700.qca,ok,0.3
LT NAND,Z,displacement,north,0.8,-0.8,0.95254,-0.946429,0.000742,-7.04e-05,6.74e-05,-6.4e-06,LT_NAND__Z__north_0.800.qca,ok,0.3
LT NAND,Z,displacement,north,0.9,-0.9,0.952152,-0.945958,0.000743,-7.05e-05,6.75e-05,-6.41e-06,LT_NAND__Z__north_0.900.qca,ok,0.3
LT NAND,Z,displacement,north,1,-1,0.951713,-0.945426,0.000743,-7.06e-05,6.76e-05,-6.42e-06,LT_NAND__Z__north_1.000.qca,ok,0.3
LT NAND,Z,displacement,north,1.1,-1.1,0.951224,-0.944832,0.000744,-7.08e-05,6.77e-05,-6.44e-06,LT_NAND__Z__north_1.100.qca,ok,0.3
LT NAND,Z,displacement,north,1.2,-1.2,0.950681,-0.944171,0.000745,-7.1e-05,6.78e-05,-6.45e-06,LT_NAND__Z__north_1.200.qca,ok,0.3
LT NAND,Z,displacement,north,1.3,-1.3,0.950083,-0.943443,0.000746,-7.12e-05,6.79e-05,-6.47e-06,LT_NAND__Z__north_1.300.qca,ok,0.3
LT NAND,Z,displacement,north,1.4,-1.4,0.949429,-0.942644,0.000748,-7.14e-05,6.8e-05,-6.49e-06,LT_NAND__Z__north_1.400.qca,ok,0.3
LT NAND,Z,displacement,north,1.5,-1.5,0.948715,-0.941772,0.000749,-7.16e-05,6.81e-05,-6.51e-06,LT_NAND__Z__north_1.500.qca,ok,0.3
LT NAND,Z,displacement,north,1.6,-1.6,0.947939,-0.940822,0.000751,-7.19e-05,6.83e-05,-6.54e-06,LT_NAND__Z__north_1.600.qca,ok,0.3
LT NAND,Z,displacement,north,1.7,-1.7,0.947099,-0.93979,0.000753,-7.22e-05,6.84e-05,-6.56e-06,LT_NAND__Z__north_1.700.qca,ok,0.3
LT NAND,Z,displacement,north,1.8,-1.8,0.946191,-0.938673,0.000755,-7.25e-05,6.86e-05,-6.59e-06,LT_NAND__Z__north_1.800.qca,ok,0.3
LT NAND,Z,displacement,north,1.9,-1.9,0.945212,-0.937466,0.000757,-7.28e-05,6.88e-05,-6.62e-06,LT_NAND__Z__north_1.900.qca,ok,0.3
LT NAND,Z,displacement,north,2,-2,0.944159,-0.936164,0.000759,-7.32e-05,6.9e-05,-6.66e-06,LT_NAND__Z__north_2.000.qca,ok,0.3
LT NAND,Z,displacement,north,2.1,-2.1,0.943027,-0.93476,0.000762,-7.36e-05,6.93e-05,-6.69e-06,LT_NAND__Z__north_2.100.qca,ok,0.3
LT NAND,Z,displacement,north,2.2,-2.2,0.941812,-0.933249,0.000765,-7.41e-05,6.95e-05,-6.73e-06,LT_NAND__Z__north_2.200.qca,ok,0.4
LT NAND,Z,displacement,north,2.3,-2.3,0.940509,-0.931624,0.000768,-7.45e-05,6.98e-05,-6.77e-06,LT_NAND__Z__north_2.300.qca,ok,0.3
LT NAND,Z,displacement,north,2.4,-2.4,0.939113,-0.929876,0.000771,-7.5e-05,7.01e-05,-6.82e-06,LT_NAND__Z__north_2.400.qca,ok,0.3
LT NAND,Z,displacement,north,2.5,-2.5,0.937618,-0.927999,0.000775,-7.56e-05,7.04e-05,-6.87e-06,LT_NAND__Z__north_2.500.qca,ok,0.3
LT NAND,Z,displacement,north,2.6,-2.6,0.936019,-0.925981,0.000779,-7.62e-05,7.08e-05,-6.92e-06,LT_NAND__Z__north_2.600.qca,ok,0.3
LT NAND,Z,displacement,north,2.7,-2.7,0.934308,-0.923815,0.000783,-7.68e-05,7.12e-05,-6.98e-06,LT_NAND__Z__north_2.700.qca,ok,0.3
LT NAND,Z,displacement,north,2.8,-2.8,0.932478,-0.921487,0.000788,-7.75e-05,7.16e-05,-7.04e-06,LT_NAND__Z__north_2.800.qca,ok,0.3
LT NAND,Z,displacement,north,2.9,-2.9,0.930521,-0.918986,0.000793,-7.82e-05,7.21e-05,-7.11e-06,LT_NAND__Z__north_2.900.qca,ok,0.3
LT NAND,Z,displacement,north,3,-3,0.928428,-0.916298,0.000798,-7.89e-05,7.26e-05,-7.18e-06,LT_NAND__Z__north_3.000.qca,ok,0.3
LT NAND,Z,displacement,north,3.1,-3.1,0.926189,-0.913409,0.000804,-7.98e-05,7.31e-05,-7.25e-06,LT_NAND__Z__north_3.100.qca,ok,0.3
LT NAND,Z,displacement,north,3.2,-3.2,0.923795,-0.910301,0.000811,-8.06e-05,7.37e-05,-7.33e-06,LT_NAND__Z__north_3.200.qca,ok,0.3
LT NAND,Z,displacement,north,3.3,-3.3,0.921233,-0.906956,0.000818,-8.16e-05,7.43e-05,-7.42e-06,LT_NAND__Z__north_3.300.qca,ok,0.3
LT NAND,Z,displacement,north,3.4,-3.4,0.918491,-0.903354,0.000825,-8.26e-05,7.5e-05,-7.51e-06,LT_NAND__Z__north_3.400.qca,ok,0.3
LT NAND,Z,displacement,north,3.5,-3.5,0.915555,-0.899472,0.000834,-8.37e-05,7.58e-05,-7.61e-06,LT_NAND__Z__north_3.500.qca,ok,0.3
LT NAND,Z,displacement,north,3.6,-3.6,0.912411,-0.895284,0.000843,-8.49e-05,7.66e-05,-7.72e-06,LT_NAND__Z__north_3.600.qca,ok,0.3
LT NAND,Z,displacement,north,3.7,-3.7,0.909042,-0.890764,0.000853,-8.62e-05,7.76e-05,-7.84e-06,LT_NAND__Z__north_3.700.qca,ok,0.3
LT NAND,Z,displacement,north,3.8,-3.8,0.90543,-0.88588,0.000866,-8.78e-05,7.87e-05,-7.98e-06,LT_NAND__Z__north_3.800.qca,ok,0.3
LT NAND,Z,displacement,north,3.9,-3.9,0.901555,-0.880597,0.000881,-8.96e-05,8.01e-05,-8.15e-06,LT_NAND__Z__north_3.900.qca,ok,0.3
LT NAND,Z,displacement,north,4,-4,0.897397,-0.874876,0.000899,-9.18e-05,8.17e-05,-8.34e-06,LT_NAND__Z__north_4.000.qca,ok,0.3
LT NAND,Z,displacement,north,4.1,-4.1,0.892931,-0.868674,0.000907,-9.28e-05,8.24e-05,-8.43e-06,LT_NAND__Z__north_4.100.qca,ok,0.3
LT NAND,Z,displacement,north,4.2,-4.2,0.888131,-0.861944,0.000908,-9.31e-05,8.25e-05,-8.46e-06,LT_NAND__Z__north_4.200.qca,ok,0.3
LT NAND,Z,displacement,north,4.3,-4.3,0.88297,-0.85463,0.000906,-9.31e-05,8.24e-05,-8.47e-06,LT_NAND__Z__north_4.300.qca,ok,0.3
LT NAND,Z,displacement,north,4.4,-4.4,0.877417,-0.846673,0.000904,-9.31e-05,8.22e-05,-8.46e-06,LT_NAND__Z__north_4.400.qca,ok,0.3
LT NAND,Z,displacement,north,4.5,-4.5,0.871437,-0.838005,0.000901,-9.3e-05,8.19e-05,-8.46e-06,LT_NAND__Z__north_4.500.qca,ok,0.3
LT NAND,Z,displacement,north,4.6,-4.6,0.864994,-0.828551,0.000898,-9.29e-05,8.16e-05,-8.44e-06,LT_NAND__Z__north_4.600.qca,ok,0.3
LT NAND,Z,displacement,north,4.7,-4.7,0.858048,-0.818226,0.000895,-9.27e-05,8.13e-05,-8.43e-06,LT_NAND__Z__north_4.700.qca,ok,0.3
LT NAND,Z,displacement,north,4.8,-4.8,0.850555,-0.806938,0.000891,-9.25e-05,8.1e-05,-8.41e-06,LT_NAND__Z__north_4.800.qca,ok,0.3
LT NAND,Z,displacement,north,4.9,-4.9,0.842466,-0.794581,0.000886,-9.22e-05,8.06e-05,-8.39e-06,LT_NAND__Z__north_4.900.qca,ok,0.3
LT NAND,Z,displacement,north,5,-5,0.833731,-0.781043,0.000882,-9.2e-05,8.02e-05,-8.36e-06,LT_NAND__Z__north_5.000.qca,ok,0.3
LT NAND,Z,displacement,north,5.1,-5.1,0.824292,-0.766196,0.000877,-9.17e-05,7.97e-05,-8.33e-06,LT_NAND__Z__north_5.100.qca,ok,0.3
LT NAND,Z,displacement,north,5.2,-5.2,0.81409,-0.749905,0.000872,-9.13e-05,7.92e-05,-8.3e-06,LT_NAND__Z__north_5.200.qca,ok,0.3
LT NAND,Z,displacement,north,5.3,-5.3,0.803059,-0.732026,0.000866,-9.09e-05,7.87e-05,-8.27e-06,LT_NAND__Z__north_5.300.qca,ok,0.3
LT NAND,Z,displacement,north,5.4,-5.4,0.79113,-0.712407,0.00086,-9.05e-05,7.82e-05,-8.23e-06,LT_NAND__Z__north_5.400.qca,ok,0.3
LT NAND,Z,displacement,north,5.5,-5.5,0.77823,-0.690898,0.000853,-9e-05,7.76e-05,-8.18e-06,LT_NAND__Z__north_5.500.qca,ok,0.3
LT NAND,Z,displacement,north,5.6,-5.6,0.764282,-0.667353,0.000846,-8.94e-05,7.69e-05,-8.13e-06,LT_NAND__Z__north_5.600.qca,ok,0.3
LT NAND,Z,displacement,north,5.7,-5.7,0.749205,-0.64165,0.000839,-8.88e-05,7.62e-05,-8.07e-06,LT_NAND__Z__north_5.700.qca,ok,0.3
LT NAND,Z,displacement,north,5.8,-5.8,0.732918,-0.613702,0.00083,-8.81e-05,7.55e-05,-8.01e-06,LT_NAND__Z__north_5.800.qca,ok,0.3
LT NAND,Z,displacement,north,5.9,-5.9,0.715338,-0.583483,0.000821,-8.73e-05,7.46e-05,-7.93e-06,LT_NAND__Z__north_5.900.qca,ok,0.3
LT NAND,Z,displacement,north,6,-6,0.696384,-0.551057,0.000811,-8.63e-05,7.37e-05,-7.85e-06,LT_NAND__Z__north_6.000.qca,ok,0.3
LT NAND,Z,displacement,north,6.1,-6.1,0.675979,-0.516603,0.0008,-8.53e-05,7.27e-05,-7.76e-06,LT_NAND__Z__north_6.100.qca,ok,0.3
LT NAND,Z,displacement,north,6.2,-6.2,0.65405,-0.480435,0.000788,-8.42e-05,7.16e-05,-7.66e-06,LT_NAND__Z__north_6.200.qca,ok,0.3
LT NAND,Z,displacement,north,6.3,-6.3,0.630534,-0.443008,0.000776,-8.3e-05,7.05e-05,-7.55e-06,LT_NAND__Z__north_6.300.qca,ok,0.3
LT NAND,Z,displacement,north,6.4,-6.4,0.605383,-0.404895,0.000763,-8.18e-05,6.93e-05,-7.44e-06,LT_NAND__Z__north_6.400.qca,ok,0.3
LT NAND,Z,displacement,north,6.5,-6.5,0.578562,-0.366728,0.00075,-8.05e-05,6.82e-05,-7.32e-06,LT_NAND__Z__north_6.500.qca,ok,0.3
LT NAND,Z,displacement,north,6.6,-6.6,0.550058,-0.329126,0.000737,-7.93e-05,6.7e-05,-7.21e-06,LT_NAND__Z__north_6.600.qca,ok,0.3
LT NAND,Z,displacement,north,6.7,-6.7,0.51988,-0.292624,0.000725,-7.81e-05,6.59e-05,-7.1e-06,LT_NAND__Z__north_6.700.qca,ok,0.3
LT NAND,Z,displacement,north,6.8,-6.8,0.488062,-0.257616,0.000714,-7.7e-05,6.49e-05,-7e-06,LT_NAND__Z__north_6.800.qca,ok,0.3
LT NAND,Z,displacement,north,6.9,-6.9,0.454669,-0.22434,0.000704,-7.6e-05,6.4e-05,-6.91e-06,LT_NAND__Z__north_6.900.qca,ok,0.3
LT NAND,Z,displacement,north,7,-7,0.419789,-0.192884,0.000695,-7.51e-05,6.32e-05,-6.83e-06,LT_NAND__Z__north_7.000.qca,ok,0.3
LT NAND,Z,displacement,north,7.1,-7.1,0.383542,-0.163222,0.000687,-7.43e-05,6.25e-05,-6.75e-06,LT_NAND__Z__north_7.100.qca,ok,0.3
LT NAND,Z,displacement,north,7.2,-7.2,0.346071,-0.135245,0.00068,-7.36e-05,6.18e-05,-6.69e-06,LT_NAND__Z__north_7.200.qca,ok,0.3
LT NAND,Z,displacement,north,7.3,-7.3,0.307542,-0.108795,0.000674,-7.3e-05,6.13e-05,-6.64e-06,LT_NAND__Z__north_7.300.qca,ok,0.3
LT NAND,Z,displacement,north,7.4,-7.4,0.268139,-0.083689,0.00067,-7.26e-05,6.09e-05,-6.6e-06,LT_NAND__Z__north_7.400.qca,ok,0.3
LT NAND,Z,displacement,north,7.5,-7.5,0.22806,-0.059734,0.000666,-7.22e-05,6.05e-05,-6.56e-06,LT_NAND__Z__north_7.500.qca,ok,0.3
LT NAND,Z,displacement,north,7.6,-7.6,0.191455,-0.036744,0.000663,-7.19e-05,6.03e-05,-6.54e-06,LT_NAND__Z__north_7.600.qca,ok,0.3
LT NAND,Z,displacement,north,7.7,-7.7,0.163358,-0.014541,0.000661,-7.17e-05,6.01e-05,-6.52e-06,LT_NAND__Z__north_7.700.qca,ok,0.3
LT NAND,Z,displacement,north,7.8,-7.8,0.135811,-0.000698,0.00066,-7.16e-05,6e-05,-6.51e-06,LT_NAND__Z__north_7.800.qca,ok,0.3
LT NAND,Z,displacement,north,7.9,-7.9,0.10876,-0.00356,0.000659,-7.15e-05,5.99e-05,-6.5e-06,LT_NAND__Z__north_7.900.qca,ok,0.3
LT NAND,Z,displacement,north,8,-8,0.082141,-0.031316,0.000659,-7.16e-05,5.99e-05,-6.5e-06,LT_NAND__Z__north_8.000.qca,ok,0.3
LT NAND,Z,displacement,north,8.1,-8.1,0.069462,-0.059386,0.00066,-7.16e-05,6e-05,-6.51e-06,LT_NAND__Z__north_8.100.qca,ok,0.3
LT NAND,Z,displacement,north,8.2,-8.2,0.089896,-0.087098,0.000661,-7.18e-05,6.01e-05,-6.52e-06,LT_NAND__Z__north_8.200.qca,ok,0.3
LT NAND,Z,displacement,north,8.3,-8.3,0.110305,-0.114498,0.000663,-7.19e-05,6.02e-05,-6.54e-06,LT_NAND__Z__north_8.300.qca,ok,0.3
LT NAND,Z,displacement,north,8.4,-8.4,0.130762,-0.141615,0.000665,-7.22e-05,6.04e-05,-6.56e-06,LT_NAND__Z__north_8.400.qca,ok,0.3
LT NAND,Z,displacement,north,8.5,-8.5,0.151326,-0.168461,0.000668,-7.25e-05,6.07e-05,-6.59e-06,LT_NAND__Z__north_8.500.qca,ok,0.3
LT NAND,Z,displacement,north,8.6,-8.6,0.172039,-0.200951,0.000671,-7.28e-05,6.1e-05,-6.62e-06,LT_NAND__Z__north_8.600.qca,ok,0.3
LT NAND,Z,displacement,north,8.7,-8.7,0.192922,-0.234612,0.000675,-7.32e-05,6.13e-05,-6.65e-06,LT_NAND__Z__north_8.700.qca,ok,0.3
LT NAND,Z,displacement,north,8.8,-8.8,0.213982,-0.26691,0.000679,-7.36e-05,6.17e-05,-6.69e-06,LT_NAND__Z__north_8.800.qca,ok,0.3
LT NAND,Z,displacement,north,8.9,-8.9,0.235203,-0.297799,0.000683,-7.4e-05,6.21e-05,-6.73e-06,LT_NAND__Z__north_8.900.qca,ok,0.3
LT NAND,Z,displacement,north,9,-9,0.25655,-0.327251,0.000688,-7.45e-05,6.25e-05,-6.77e-06,LT_NAND__Z__north_9.000.qca,ok,0.3
LT NAND,Z,displacement,north,9.1,-9.1,0.277972,-0.355254,0.000693,-7.5e-05,6.3e-05,-6.82e-06,LT_NAND__Z__north_9.100.qca,ok,0.3
LT NAND,Z,displacement,north,9.2,-9.2,0.299397,-0.381812,0.000698,-7.55e-05,6.35e-05,-6.87e-06,LT_NAND__Z__north_9.200.qca,ok,0.3
LT NAND,Z,displacement,north,9.3,-9.3,0.320741,-0.40694,0.000704,-7.61e-05,6.4e-05,-6.92e-06,LT_NAND__Z__north_9.300.qca,ok,0.3
LT NAND,Z,displacement,north,9.4,-9.4,0.341909,-0.430667,0.000709,-7.66e-05,6.45e-05,-6.97e-06,LT_NAND__Z__north_9.400.qca,ok,0.3
LT NAND,Z,displacement,north,9.5,-9.5,0.362798,-0.453028,0.000715,-7.72e-05,6.5e-05,-7.02e-06,LT_NAND__Z__north_9.500.qca,ok,0.3
LT NAND,Z,displacement,north,9.6,-9.6,0.383307,-0.474068,0.00072,-7.77e-05,6.55e-05,-7.06e-06,LT_NAND__Z__north_9.600.qca,ok,0.3
LT NAND,Z,displacement,north,9.7,-9.7,0.403335,-0.493837,0.000726,-7.82e-05,6.6e-05,-7.11e-06,LT_NAND__Z__north_9.700.qca,ok,0.3
LT NAND,Z,displacement,north,9.8,-9.8,0.422792,-0.512388,0.000731,-7.88e-05,6.65e-05,-7.16e-06,LT_NAND__Z__north_9.800.qca,ok,0.3
LT NAND,Z,displacement,north,9.9,-9.9,0.441599,-0.529778,0.000736,-7.93e-05,6.69e-05,-7.21e-06,LT_NAND__Z__north_9.900.qca,ok,0.3
LT NAND,Z,displacement,north,10,-10,0.459689,-0.546065,0.000741,-7.97e-05,6.74e-05,-7.25e-06,LT_NAND__Z__north_10.000.qca,ok,0.3
LT NAND,Z,displacement,north,10.1,-10.1,0.477013,-0.561306,0.000746,-8.02e-05,6.78e-05,-7.29e-06,LT_NAND__Z__north_10.100.qca,ok,0.3
LT NAND,Z,displacement,north,10.2,-10.2,0.493534,-0.575559,0.000751,-8.06e-05,6.82e-05,-7.33e-06,LT_NAND__Z__north_10.200.qca,ok,0.3
LT NAND,Z,displacement,north,10.3,-10.3,0.50923,-0.588881,0.000755,-8.1e-05,6.86e-05,-7.36e-06,LT_NAND__Z__north_10.300.qca,ok,0.3
LT NAND,Z,displacement,north,10.4,-10.4,0.524095,-0.601326,0.000759,-8.14e-05,6.9e-05,-7.4e-06,LT_NAND__Z__north_10.400.qca,ok,0.3
LT NAND,Z,displacement,north,10.5,-10.5,0.538129,-0.612947,0.000763,-8.17e-05,6.94e-05,-7.43e-06,LT_NAND__Z__north_10.500.qca,ok,0.3
LT NAND,Z,displacement,north,10.6,-10.6,0.551344,-0.623795,0.000767,-8.21e-05,6.97e-05,-7.46e-06,LT_NAND__Z__north_10.600.qca,ok,0.3
LT NAND,Z,displacement,north,10.7,-10.7,0.56376,-0.633916,0.00077,-8.24e-05,7e-05,-7.49e-06,LT_NAND__Z__north_10.700.qca,ok,0.3
LT NAND,Z,displacement,north,10.8,-10.8,0.5754,-0.643357,0.000773,-8.26e-05,7.03e-05,-7.51e-06,LT_NAND__Z__north_10.800.qca,ok,0.3
LT NAND,Z,displacement,north,10.9,-10.9,0.586294,-0.652159,0.000776,-8.29e-05,7.06e-05,-7.54e-06,LT_NAND__Z__north_10.900.qca,ok,0.3
LT NAND,Z,displacement,north,11,-11,0.596471,-0.660363,0.000779,-8.31e-05,7.08e-05,-7.56e-06,LT_NAND__Z__north_11.000.qca,ok,0.3
LT NAND,Z,displacement,north,11.1,-11.1,0.605964,-0.668006,0.000782,-8.34e-05,7.11e-05,-7.58e-06,LT_NAND__Z__north_11.100.qca,ok,0.3
LT NAND,Z,displacement,north,11.2,-11.2,0.614806,-0.675123,0.000784,-8.36e-05,7.13e-05,-7.6e-06,LT_NAND__Z__north_11.200.qca,ok,0.3
LT NAND,Z,displacement,north,11.3,-11.3,0.62303,-0.681747,0.000786,-8.38e-05,7.15e-05,-7.62e-06,LT_NAND__Z__north_11.300.qca,ok,0.3
LT NAND,Z,displacement,north,11.4,-11.4,0.630669,-0.687907,0.000789,-8.39e-05,7.17e-05,-7.63e-06,LT_NAND__Z__north_11.400.qca,ok,0.3
LT NAND,Z,displacement,north,11.5,-11.5,0.637752,-0.693632,0.000791,-8.41e-05,7.19e-05,-7.65e-06,LT_NAND__Z__north_11.500.qca,ok,0.3
LT NAND,Z,displacement,north,11.6,-11.6,0.644311,-0.698948,0.000792,-8.43e-05,7.2e-05,-7.66e-06,LT_NAND__Z__north_11.600.qca,ok,0.3
LT NAND,Z,displacement,north,11.7,-11.7,0.650375,-0.703879,0.000794,-8.44e-05,7.22e-05,-7.67e-06,LT_NAND__Z__north_11.700.qca,ok,0.3
LT NAND,Z,displacement,north,11.8,-11.8,0.655969,-0.708447,0.000796,-8.45e-05,7.24e-05,-7.69e-06,LT_NAND__Z__north_11.800.qca,ok,0.3
LT NAND,Z,displacement,north,11.9,-11.9,0.661121,-0.712674,0.000797,-8.47e-05,7.25e-05,-7.7e-06,LT_NAND__Z__north_11.900.qca,ok,0.3
LT NAND,Z,displacement,north,12,-12,0.665853,-0.716579,0.000799,-8.48e-05,7.26e-05,-7.71e-06,LT_NAND__Z__north_12.000.qca,ok,0.3
LT NAND,Z,displacement,north,12.1,-12.1,0.670189,-0.720179,0.0008,-8.49e-05,7.28e-05,-7.72e-06,LT_NAND__Z__north_12.100.qca,ok,0.3
LT NAND,Z,displacement,north,12.2,-12.2,0.674148,-0.72349,0.000802,-8.5e-05,7.29e-05,-7.73e-06,LT_NAND__Z__north_12.200.qca,ok,0.3
LT NAND,Z,displacement,north,12.3,-12.3,0.677752,-0.72653,0.000803,-8.51e-05,7.3e-05,-7.74e-06,LT_NAND__Z__north_12.300.qca,ok,0.3
LT NAND,Z,displacement,north,12.4,-12.4,0.681017,-0.72931,0.000804,-8.52e-05,7.31e-05,-7.74e-06,LT_NAND__Z__north_12.400.qca,ok,0.3
LT NAND,Z,displacement,north,12.5,-12.5,0.683961,-0.731846,0.000805,-8.53e-05,7.32e-05,-7.75e-06,LT_NAND__Z__north_12.500.qca,ok,0.3
LT NAND,Z,displacement,north,12.6,-12.6,0.686599,-0.734148,0.000806,-8.54e-05,7.33e-05,-7.76e-06,LT_NAND__Z__north_12.600.qca,ok,0.3
LT NAND,Z,displacement,north,12.7,-12.7,0.688946,-0.736228,0.000807,-8.54e-05,7.33e-05,-7.77e-06,LT_NAND__Z__north_12.700.qca,ok,0.3
LT NAND,Z,displacement,north,12.8,-12.8,0.691014,-0.738096,0.000808,-8.55e-05,7.34e-05,-7.77e-06,LT_NAND__Z__north_12.800.qca,ok,0.3
LT NAND,Z,displacement,north,12.9,-12.9,0.692817,-0.739762,0.000808,-8.56e-05,7.35e-05,-7.78e-06,LT_NAND__Z__north_12.900.qca,ok,0.3
LT NAND,Z,displacement,north,13,-13,0.694366,-0.741236,0.000809,-8.56e-05,7.35e-05,-7.78e-06,LT_NAND__Z__north_13.000.qca,ok,0.3
LT NAND,Z,displacement,north,13.1,-13.1,0.69567,-0.742525,0.00081,-8.57e-05,7.36e-05,-7.79e-06,LT_NAND__Z__north_13.100.qca,ok,0.3
LT NAND,Z,displacement,north,13.2,-13.2,0.696741,-0.743636,0.00081,-8.57e-05,7.37e-05,-7.79e-06,LT_NAND__Z__north_13.200.qca,ok,0.3
LT NAND,Z,displacement,north,13.3,-13.3,0.697586,-0.744579,0.000811,-8.58e-05,7.37e-05,-7.8e-06,LT_NAND__Z__north_13.300.qca,ok,0.3
LT NAND,Z,displacement,north,13.4,-13.4,0.698214,-0.745358,0.000811,-8.58e-05,7.38e-05,-7.8e-06,LT_NAND__Z__north_13.400.qca,ok,0.3
LT NAND,Z,displacement,north,13.5,-13.5,0.698633,-0.74598,0.000812,-8.59e-05,7.38e-05,-7.81e-06,LT_NAND__Z__north_13.500.qca,ok,0.3
LT NAND,Z,displacement,north,13.6,-13.6,0.69885,-0.746451,0.000812,-8.59e-05,7.38e-05,-7.81e-06,LT_NAND__Z__north_13.600.qca,ok,0.3
LT NAND,Z,displacement,north,13.7,-13.7,0.698871,-0.746777,0.000812,-8.59e-05,7.39e-05,-7.81e-06,LT_NAND__Z__north_13.700.qca,ok,0.3
LT NAND,Z,displacement,north,13.8,-13.8,0.698702,-0.746962,0.000813,-8.6e-05,7.39e-05,-7.82e-06,LT_NAND__Z__north_13.800.qca,ok,0.3
LT NAND,Z,displacement,north,13.9,-13.9,0.698348,-0.74701,0.000813,-8.6e-05,7.39e-05,-7.82e-06,LT_NAND__Z__north_13.900.qca,ok,0.3
LT NAND,Z,displacement,north,14,-14,0.697816,-0.746927,0.000813,-8.6e-05,7.39e-05,-7.82e-06,LT_NAND__Z__north_14.000.qca,ok,0.3
LT NAND,Z,displacement,north,14.1,-14.1,0.697109,-0.746716,0.000813,-8.61e-05,7.39e-05,-7.82e-06,LT_NAND__Z__north_14.100.qca,ok,0.3
LT NAND,Z,displacement,north,14.2,-14.2,0.696232,-0.746382,0.000813,-8.61e-05,7.39e-05,-7.83e-06,LT_NAND__Z__north_14.200.qca,ok,0.3
LT NAND,Z,displacement,north,14.3,-14.3,0.695189,-0.745927,0.000813,-8.61e-05,7.39e-05,-7.83e-06,LT_NAND__Z__north_14.300.qca,ok,0.3
LT NAND,Z,displacement,north,14.4,-14.4,0.693983,-0.745355,0.000813,-8.61e-05,7.39e-05,-7.83e-06,LT_NAND__Z__north_14.400.qca,ok,0.3
LT NAND,Z,displacement,north,14.5,-14.5,0.692619,-0.744669,0.000813,-8.61e-05,7.39e-05,-7.83e-06,LT_NAND__Z__north_14.500.qca,ok,0.3
LT NAND,Z,displacement,north,14.6,-14.6,0.691099,-0.743872,0.000813,-8.61e-05,7.39e-05,-7.83e-06,LT_NAND__Z__north_14.600.qca,ok,0.3
LT NAND,Z,displacement,north,14.7,-14.7,0.689426,-0.742966,0.000813,-8.61e-05,7.39e-05,-7.83e-06,LT_NAND__Z__north_14.700.qca,ok,0.3
LT NAND,Z,displacement,north,14.8,-14.8,0.687603,-0.741955,0.000813,-8.61e-05,7.39e-05,-7.83e-06,LT_NAND__Z__north_14.800.qca,ok,0.3
LT NAND,Z,displacement,north,14.9,-14.9,0.685633,-0.740841,0.000813,-8.61e-05,7.39e-05,-7.83e-06,LT_NAND__Z__north_14.900.qca,ok,0.3
LT NAND,Z,displacement,north,15,-15,0.683518,-0.739626,0.000813,-8.61e-05,7.39e-05,-7.83e-06,LT_NAND__Z__north_15.000.qca,ok,0.3
LT NAND,Z,displacement,north,15.1,-15.1,0.68126,-0.738311,0.000812,-8.61e-05,7.39e-05,-7.83e-06,LT_NAND__Z__north_15.100.qca,ok,0.3
LT NAND,Z,displacement,north,15.2,-15.2,0.678862,-0.7369,0.000812,-8.61e-05,7.38e-05,-7.83e-06,LT_NAND__Z__north_15.200.qca,ok,0.3
LT NAND,Z,displacement,north,15.3,-15.3,0.676326,-0.735394,0.000812,-8.61e-05,7.38e-05,-7.83e-06,LT_NAND__Z__north_15.300.qca,ok,0.3
LT NAND,Z,displacement,north,15.4,-15.4,0.673653,-0.733795,0.000811,-8.61e-05,7.38e-05,-7.82e-06,LT_NAND__Z__north_15.400.qca,ok,0.3
LT NAND,Z,displacement,north,15.5,-15.5,0.670846,-0.732105,0.000811,-8.6e-05,7.37e-05,-7.82e-06,LT_NAND__Z__north_15.500.qca,ok,0.3
LT NAND,Z,displacement,north,15.6,-15.6,0.667907,-0.730324,0.000811,-8.6e-05,7.37e-05,-7.82e-06,LT_NAND__Z__north_15.600.qca,ok,0.4
LT NAND,Z,displacement,north,15.7,-15.7,0.664837,-0.728456,0.00081,-8.6e-05,7.36e-05,-7.82e-06,LT_NAND__Z__north_15.700.qca,ok,0.3
LT NAND,Z,displacement,north,15.8,-15.8,0.661638,-0.726502,0.00081,-8.6e-05,7.36e-05,-7.82e-06,LT_NAND__Z__north_15.800.qca,ok,0.3
LT NAND,Z,displacement,north,15.9,-15.9,0.658311,-0.724462,0.000809,-8.59e-05,7.35e-05,-7.81e-06,LT_NAND__Z__north_15.900.qca,ok,0.3
LT NAND,Z,displacement,north,16,-16,0.65486,-0.722339,0.000808,-8.59e-05,7.35e-05,-7.81e-06,LT_NAND__Z__north_16.000.qca,ok,0.3
LT NAND,Z,displacement,north,16.1,-16.1,0.651285,-0.720134,0.000808,-8.59e-05,7.34e-05,-7.8e-06,LT_NAND__Z__north_16.100.qca,ok,0.3
LT NAND,Z,displacement,north,16.2,-16.2,0.647588,-0.717848,0.000807,-8.58e-05,7.34e-05,-7.8e-06,LT_NAND__Z__north_16.200.qca,ok,0.3
LT NAND,Z,displacement,north,16.3,-16.3,0.643772,-0.715483,0.000806,-8.58e-05,7.33e-05,-7.8e-06,LT_NAND__Z__north_16.300.qca,ok,0.3
LT NAND,Z,displacement,north,16.4,-16.4,0.639837,-0.713039,0.000806,-8.57e-05,7.32e-05,-7.79e-06,LT_NAND__Z__north_16.400.qca,ok,0.3
LT NAND,Z,displacement,north,16.5,-16.5,0.635787,-0.710518,0.000805,-8.57e-05,7.32e-05,-7.79e-06,LT_NAND__Z__north_16.500.qca,ok,0.3
LT NAND,Z,displacement,north,16.6,-16.6,0.631623,-0.707922,0.000804,-8.56e-05,7.31e-05,-7.78e-06,LT_NAND__Z__north_16.600.qca,ok,0.3
LT NAND,Z,displacement,north,16.7,-16.7,0.627347,-0.705252,0.000803,-8.55e-05,7.3e-05,-7.78e-06,LT_NAND__Z__north_16.700.qca,ok,0.3
LT NAND,Z,displacement,north,16.8,-16.8,0.622962,-0.702508,0.000802,-8.55e-05,7.29e-05,-7.77e-06,LT_NAND__Z__north_16.800.qca,ok,0.3
LT NAND,Z,displacement,north,16.9,-16.9,0.618469,-0.699692,0.000801,-8.54e-05,7.28e-05,-7.76e-06,LT_NAND__Z__north_16.900.qca,ok,0.3
LT NAND,Z,displacement,north,17,-17,0.613872,-0.696805,0.0008,-8.53e-05,7.28e-05,-7.76e-06,LT_NAND__Z__north_17.000.qca,ok,0.3
LT NAND,Z,displacement,north,17.1,-17.1,0.609173,-0.693849,0.000799,-8.52e-05,7.27e-05,-7.75e-06,LT_NAND__Z__north_17.100.qca,ok,0.3
LT NAND,Z,displacement,north,17.2,-17.2,0.604374,-0.690824,0.000798,-8.52e-05,7.26e-05,-7.74e-06,LT_NAND__Z__north_17.200.qca,ok,0.3
LT NAND,Z,displacement,north,17.3,-17.3,0.599478,-0.687733,0.000797,-8.51e-05,7.25e-05,-7.73e-06,LT_NAND__Z__north_17.300.qca,ok,0.3
LT NAND,Z,displacement,north,17.4,-17.4,0.594488,-0.684575,0.000796,-8.5e-05,7.24e-05,-7.73e-06,LT_NAND__Z__north_17.400.qca,ok,0.3
LT NAND,Z,displacement,north,17.5,-17.5,0.589408,-0.681353,0.000795,-8.49e-05,7.23e-05,-7.72e-06,LT_NAND__Z__north_17.500.qca,ok,0.3
LT NAND,Z,displacement,north,17.6,-17.6,0.58424,-0.678067,0.000794,-8.48e-05,7.22e-05,-7.71e-06,LT_NAND__Z__north_17.600.qca,ok,0.3
LT NAND,Z,displacement,north,17.7,-17.7,0.578988,-0.674719,0.000793,-8.47e-05,7.2e-05,-7.7e-06,LT_NAND__Z__north_17.700.qca,ok,0.3
LT NAND,Z,displacement,north,17.8,-17.8,0.573656,-0.671309,0.000791,-8.46e-05,7.19e-05,-7.69e-06,LT_NAND__Z__north_17.800.qca,ok,0.3
LT NAND,Z,displacement,north,17.9,-17.9,0.568246,-0.66784,0.00079,-8.45e-05,7.18e-05,-7.68e-06,LT_NAND__Z__north_17.900.qca,ok,0.3
LT NAND,Z,displacement,north,18,-18,0.562762,-0.664313,0.000789,-8.44e-05,7.17e-05,-7.67e-06,LT_NAND__Z__north_18.000.qca,ok,0.3
LT NAND,Z,displacement,north,18.1,-18.1,0.557209,-0.660728,0.000787,-8.42e-05,7.16e-05,-7.66e-06,LT_NAND__Z__north_18.100.qca,ok,0.3
LT NAND,Z,displacement,north,18.2,-18.2,0.55159,-0.657088,0.000786,-8.41e-05,7.15e-05,-7.65e-06,LT_NAND__Z__north_18.200.qca,ok,0.3
LT NAND,Z,displacement,north,18.3,-18.3,0.54591,-0.653392,0.000785,-8.4e-05,7.13e-05,-7.64e-06,LT_NAND__Z__north_18.300.qca,ok,0.3
LT NAND,Z,displacement,north,18.4,-18.4,0.540172,-0.649644,0.000783,-8.39e-05,7.12e-05,-7.63e-06,LT_NAND__Z__north_18.400.qca,ok,0.3
LT NAND,Z,displacement,north,18.5,-18.5,0.534382,-0.645844,0.000782,-8.38e-05,7.11e-05,-7.61e-06,LT_NAND__Z__north_18.500.qca,ok,0.3
LT NAND,Z,displacement,north,18.6,-18.6,0.528542,-0.641993,0.00078,-8.36e-05,7.09e-05,-7.6e-06,LT_NAND__Z__north_18.600.qca,ok,0.3
LT NAND,Z,displacement,north,18.7,-18.7,0.522658,-0.638093,0.000779,-8.35e-05,7.08e-05,-7.59e-06,LT_NAND__Z__north_18.700.qca,ok,0.3
LT NAND,Z,displacement,north,18.8,-18.8,0.516734,-0.634145,0.000777,-8.34e-05,7.07e-05,-7.58e-06,LT_NAND__Z__north_18.800.qca,ok,0.3
LT NAND,Z,displacement,north,18.9,-18.9,0.510775,-0.630151,0.000776,-8.32e-05,7.05e-05,-7.56e-06,LT_NAND__Z__north_18.900.qca,ok,0.3
LT NAND,Z,displacement,north,19,-19,0.504786,-0.626111,0.000774,-8.31e-05,7.04e-05,-7.55e-06,LT_NAND__Z__north_19.000.qca,ok,0.4
LT NAND,Z,displacement,north,19.1,-19.1,0.49877,-0.622029,0.000773,-8.29e-05,7.02e-05,-7.54e-06,LT_NAND__Z__north_19.100.qca,ok,0.3
LT NAND,Z,displacement,north,19.2,-19.2,0.492733,-0.617904,0.000771,-8.28e-05,7.01e-05,-7.53e-06,LT_NAND__Z__north_19.200.qca,ok,0.3
LT NAND,Z,displacement,north,19.3,-19.3,0.486678,-0.613739,0.000769,-8.26e-05,6.99e-05,-7.51e-06,LT_NAND__Z__north_19.300.qca,ok,0.3
LT NAND,Z,displacement,north,19.4,-19.4,0.480612,-0.609534,0.000768,-8.25e-05,6.98e-05,-7.5e-06,LT_NAND__Z__north_19.400.qca,ok,0.3
LT NAND,Z,displacement,north,19.5,-19.5,0.474537,-0.605292,0.000766,-8.23e-05,6.96e-05,-7.48e-06,LT_NAND__Z__north_19.500.qca,ok,0.3
LT NAND,Z,displacement,north,19.6,-19.6,0.468459,-0.601014,0.000764,-8.22e-05,6.95e-05,-7.47e-06,LT_NAND__Z__north_19.600.qca,ok,0.3
LT NAND,Z,displacement,north,19.7,-19.7,0.462383,-0.596701,0.000763,-8.2e-05,6.93e-05,-7.46e-06,LT_NAND__Z__north_19.700.qca,ok,0.3
LT NAND,Z,displacement,north,19.8,-19.8,0.456311,-0.592355,0.000761,-8.19e-05,6.92e-05,-7.44e-06,LT_NAND__Z__north_19.800.qca,ok,0.3
LT NAND,Z,displacement,north,19.9,-19.9,0.450248,-0.587977,0.00076,-8.17e-05,6.9e-05,-7.43e-06,LT_NAND__Z__north_19.900.qca,ok,0.3
LT NAND,Z,displacement,north,20,-20,0.4442,-0.58357,0.000758,-8.15e-05,6.89e-05,-7.41e-06,LT_NAND__Z__north_20.000.qca,ok,0.3
LT NAND,Z,displacement,north,20.1,-20.1,0.438168,-0.579133,0.000756,-8.14e-05,6.87e-05,-7.4e-06,LT_NAND__Z__north_20.100.qca,ok,0.3
LT NAND,Z,displacement,north,20.2,-20.2,0.432158,-0.57467,0.000755,-8.12e-05,6.86e-05,-7.38e-06,LT_NAND__Z__north_20.200.qca,ok,0.3
LT NAND,Z,displacement,north,20.3,-20.3,0.426172,-0.570181,0.000753,-8.11e-05,6.84e-05,-7.37e-06,LT_NAND__Z__north_20.300.qca,ok,0.3
LT NAND,Z,displacement,north,20.4,-20.4,0.420215,-0.565667,0.000751,-8.09e-05,6.83e-05,-7.35e-06,LT_NAND__Z__north_20.400.qca,ok,0.3
LT NAND,Z,displacement,north,20.5,-20.5,0.414289,-0.561132,0.00075,-8.07e-05,6.81e-05,-7.34e-06,LT_NAND__Z__north_20.500.qca,ok,0.3
LT NAND,Z,displacement,north,20.6,-20.6,0.408399,-0.556575,0.000748,-8.06e-05,6.8e-05,-7.33e-06,LT_NAND__Z__north_20.600.qca,ok,0.3
LT NAND,Z,displacement,north,20.7,-20.7,0.402545,-0.551999,0.000746,-8.04e-05,6.78e-05,-7.31e-06,LT_NAND__Z__north_20.700.qca,ok,0.3
LT NAND,Z,displacement,north,20.8,-20.8,0.396733,-0.547404,0.000745,-8.03e-05,6.77e-05,-7.3e-06,LT_NAND__Z__north_20.800.qca,ok,0.3
LT NAND,Z,displacement,north,20.9,-20.9,0.390963,-0.542793,0.000743,-8.01e-05,6.75e-05,-7.28e-06,LT_NAND__Z__north_20.900.qca,ok,0.3
LT NAND,Z,displacement,north,21,-21,0.385239,-0.538167,0.000741,-7.99e-05,6.74e-05,-7.27e-06,LT_NAND__Z__north_21.000.qca,ok,0.3
LT NAND,Z,displacement,north,21.1,-21.1,0.379563,-0.533528,0.00074,-7.98e-05,6.73e-05,-7.25e-06,LT_NAND__Z__north_21.100.qca,ok,0.3
LT NAND,Z,displacement,north,21.2,-21.2,0.373936,-0.528876,0.000738,-7.96e-05,6.71e-05,-7.24e-06,LT_NAND__Z__north_21.200.qca,ok,0.3
LT NAND,Z,displacement,north,21.3,-21.3,0.368361,-0.524213,0.000737,-7.95e-05,6.7e-05,-7.22e-06,LT_NAND__Z__north_21.300.qca,ok,0.3
LT NAND,Z,displacement,north,21.4,-21.4,0.36284,-0.519541,0.000735,-7.93e-05,6.68e-05,-7.21e-06,LT_NAND__Z__north_21.400.qca,ok,0.3
LT NAND,Z,displacement,north,21.5,-21.5,0.357373,-0.514861,0.000733,-7.92e-05,6.67e-05,-7.2e-06,LT_NAND__Z__north_21.500.qca,ok,0.3
LT NAND,Z,displacement,north,21.6,-21.6,0.351963,-0.510174,0.000732,-7.9e-05,6.65e-05,-7.18e-06,LT_NAND__Z__north_21.600.qca,ok,0.3
LT NAND,Z,displacement,north,21.7,-21.7,0.346609,-0.505482,0.00073,-7.89e-05,6.64e-05,-7.17e-06,LT_NAND__Z__north_21.700.qca,ok,0.3
LT NAND,Z,displacement,north,21.8,-21.8,0.341315,-0.500786,0.000729,-7.87e-05,6.63e-05,-7.16e-06,LT_NAND__Z__north_21.800.qca,ok,0.3
LT NAND,Z,displacement,north,21.9,-21.9,0.336079,-0.496088,0.000727,-7.86e-05,6.61e-05,-7.14e-06,LT_NAND__Z__north_21.900.qca,ok,0.3
LT NAND,Z,displacement,north,22,-22,0.330904,-0.491388,0.000726,-7.84e-05,6.6e-05,-7.13e-06,LT_NAND__Z__north_22.000.qca,ok,0.3
LT NAND,Z,displacement,north,22.1,-22.1,0.325789,-0.486689,0.000725,-7.83e-05,6.59e-05,-7.12e-06,LT_NAND__Z__north_22.100.qca,ok,0.3
LT NAND,Z,displacement,north,22.2,-22.2,0.320735,-0.48199,0.000723,-7.81e-05,6.57e-05,-7.1e-06,LT_NAND__Z__north_22.200.qca,ok,0.3
LT NAND,Z,displacement,north,22.3,-22.3,0.315743,-0.477294,0.000722,-7.8e-05,6.56e-05,-7.09e-06,LT_NAND__Z__north_22.300.qca,ok,0.3
LT NAND,Z,displacement,north,22.4,-22.4,0.310812,-0.472602,0.00072,-7.79e-05,6.55e-05,-7.08e-06,LT_NAND__Z__north_22.400.qca,ok,0.3
LT NAND,Z,displacement,north,22.5,-22.5,0.305943,-0.467914,0.000719,-7.77e-05,6.54e-05,-7.07e-06,LT_NAND__Z__north_22.500.qca,ok,0.3
LT NAND,Z,displacement,north,22.6,-22.6,0.301136,-0.463232,0.000718,-7.76e-05,6.52e-05,-7.05e-06,LT_NAND__Z__north_22.600.qca,ok,0.3
LT NAND,Z,displacement,north,22.7,-22.7,0.296391,-0.458557,0.000716,-7.74e-05,6.51e-05,-7.04e-06,LT_NAND__Z__north_22.700.qca,ok,0.3
LT NAND,Z,displacement,north,22.8,-22.8,0.291707,-0.453891,0.000715,-7.73e-05,6.5e-05,-7.03e-06,LT_NAND__Z__north_22.800.qca,ok,0.3
LT NAND,Z,displacement,north,22.9,-22.9,0.287084,-0.449233,0.000714,-7.72e-05,6.49e-05,-7.02e-06,LT_NAND__Z__north_22.900.qca,ok,0.3
LT NAND,Z,displacement,north,23,-23,0.282522,-0.444586,0.000712,-7.71e-05,6.48e-05,-7.01e-06,LT_NAND__Z__north_23.000.qca,ok,0.3
LT NAND,Z,displacement,north,23.1,-23.1,0.278021,-0.43995,0.000711,-7.69e-05,6.47e-05,-6.99e-06,LT_NAND__Z__north_23.100.qca,ok,0.3
LT NAND,Z,displacement,north,23.2,-23.2,0.27358,-0.435325,0.00071,-7.68e-05,6.45e-05,-6.98e-06,LT_NAND__Z__north_23.200.qca,ok,0.3
LT NAND,Z,displacement,north,23.3,-23.3,0.269198,-0.430715,0.000709,-7.67e-05,6.44e-05,-6.97e-06,LT_NAND__Z__north_23.300.qca,ok,0.3
LT NAND,Z,displacement,north,23.4,-23.4,0.264876,-0.426118,0.000708,-7.66e-05,6.43e-05,-6.96e-06,LT_NAND__Z__north_23.400.qca,ok,0.3
LT NAND,Z,displacement,north,23.5,-23.5,0.260612,-0.421535,0.000706,-7.65e-05,6.42e-05,-6.95e-06,LT_NAND__Z__north_23.500.qca,ok,0.3
LT NAND,Z,displacement,north,23.6,-23.6,0.256406,-0.416969,0.000705,-7.63e-05,6.41e-05,-6.94e-06,LT_NAND__Z__north_23.600.qca,ok,0.3
LT NAND,Z,displacement,north,23.7,-23.7,0.252257,-0.412419,0.000704,-7.62e-05,6.4e-05,-6.93e-06,LT_NAND__Z__north_23.700.qca,ok,0.3
LT NAND,Z,displacement,north,23.8,-23.8,0.248164,-0.407886,0.000703,-7.61e-05,6.39e-05,-6.92e-06,LT_NAND__Z__north_23.800.qca,ok,0.3
LT NAND,Z,displacement,north,23.9,-23.9,0.244128,-0.403372,0.000702,-7.6e-05,6.38e-05,-6.91e-06,LT_NAND__Z__north_23.900.qca,ok,0.3
LT NAND,Z,displacement,north,24,-24,0.240146,-0.398876,0.000701,-7.59e-05,6.37e-05,-6.9e-06,LT_NAND__Z__north_24.000.qca,ok,0.3
LT NAND,Z,displacement,north,24.1,-24.1,0.236218,-0.3944,0.0007,-7.58e-05,6.36e-05,-6.89e-06,LT_NAND__Z__north_24.100.qca,ok,0.3
LT NAND,Z,displacement,north,24.2,-24.2,0.232344,-0.389944,0.000699,-7.57e-05,6.35e-05,-6.88e-06,LT_NAND__Z__north_24.200.qca,ok,0.3
LT NAND,Z,displacement,north,24.3,-24.3,0.228523,-0.385509,0.000698,-7.56e-05,6.34e-05,-6.87e-06,LT_NAND__Z__north_24.300.qca,ok,0.3
LT NAND,Z,displacement,north,24.4,-24.4,0.224754,-0.381095,0.000697,-7.55e-05,6.34e-05,-6.86e-06,LT_NAND__Z__north_24.400.qca,ok,0.3
LT NAND,Z,displacement,north,24.5,-24.5,0.221035,-0.376703,0.000696,-7.54e-05,6.33e-05,-6.85e-06,LT_NAND__Z__north_24.500.qca,ok,0.3
LT NAND,Z,displacement,north,24.6,-24.6,0.217367,-0.372334,0.000695,-7.53e-05,6.32e-05,-6.84e-06,LT_NAND__Z__north_24.600.qca,ok,0.3
LT NAND,Z,displacement,north,24.7,-24.7,0.213749,-0.367988,0.000694,-7.52e-05,6.31e-05,-6.84e-06,LT_NAND__Z__north_24.700.qca,ok,0.3
LT NAND,Z,displacement,north,24.8,-24.8,0.210179,-0.363666,0.000693,-7.51e-05,6.3e-05,-6.83e-06,LT_NAND__Z__north_24.800.qca,ok,0.3
LT NAND,Z,displacement,north,24.9,-24.9,0.206656,-0.359367,0.000692,-7.5e-05,6.29e-05,-6.82e-06,LT_NAND__Z__north_24.900.qca,ok,0.3
LT NAND,Z,displacement,north,25,-25,0.203181,-0.355094,0.000691,-7.49e-05,6.29e-05,-6.81e-06,LT_NAND__Z__north_25.000.qca,ok,0.3
LT NAND,Z,displacement,north,25.1,-25.1,0.199753,-0.350845,0.000691,-7.48e-05,6.28e-05,-6.8e-06,LT_NAND__Z__north_25.100.qca,ok,0.3
LT NAND,Z,displacement,north,25.2,-25.2,0.196369,-0.346622,0.00069,-7.47e-05,6.27e-05,-6.79e-06,LT_NAND__Z__north_25.200.qca,ok,0.3
LT NAND,Z,displacement,north,25.3,-25.3,0.193031,-0.342425,0.000689,-7.46e-05,6.26e-05,-6.79e-06,LT_NAND__Z__north_25.300.qca,ok,0.3
LT NAND,Z,displacement,north,25.4,-25.4,0.189736,-0.338254,0.000688,-7.46e-05,6.25e-05,-6.78e-06,LT_NAND__Z__north_25.400.qca,ok,0.3
LT NAND,Z,displacement,north,25.5,-25.5,0.186484,-0.334109,0.000687,-7.45e-05,6.25e-05,-6.77e-06,LT_NAND__Z__north_25.500.qca,ok,0.3
LT NAND,Z,displacement,north,25.6,-25.6,0.183275,-0.329992,0.000686,-7.44e-05,6.24e-05,-6.76e-06,LT_NAND__Z__north_25.600.qca,ok,0.3
LT NAND,Z,displacement,north,25.7,-25.7,0.180108,-0.325901,0.000686,-7.43e-05,6.23e-05,-6.76e-06,LT_NAND__Z__north_25.700.qca,ok,0.3
LT NAND,Z,displacement,north,25.8,-25.8,0.176981,-0.321839,0.000685,-7.42e-05,6.23e-05,-6.75e-06,LT_NAND__Z__north_25.800.qca,ok,0.3
LT NAND,Z,displacement,north,25.9,-25.9,0.173895,-0.317804,0.000684,-7.42e-05,6.22e-05,-6.74e-06,LT_NAND__Z__north_25.900.qca,ok,0.3
LT NAND,Z,displacement,north,26,-26,0.170848,-0.313796,0.000683,-7.41e-05,6.21e-05,-6.74e-06,LT_NAND__Z__north_26.000.qca,ok,0.3
LT NAND,Z,displacement,north,26.1,-26.1,0.16784,-0.309818,0.000683,-7.4e-05,6.21e-05,-6.73e-06,LT_NAND__Z__north_26.100.qca,ok,0.3
LT NAND,Z,displacement,north,26.2,-26.2,0.164871,-0.305867,0.000682,-7.39e-05,6.2e-05,-6.72e-06,LT_NAND__Z__north_26.200.qca,ok,0.3
LT NAND,Z,displacement,north,26.3,-26.3,0.161938,-0.301946,0.000681,-7.39e-05,6.19e-05,-6.72e-06,LT_NAND__Z__north_26.300.qca,ok,0.3
LT NAND,Z,displacement,north,26.4,-26.4,0.159043,-0.298053,0.000681,-7.38e-05,6.19e-05,-6.71e-06,LT_NAND__Z__north_26.400.qca,ok,0.3
LT NAND,Z,displacement,north,26.5,-26.5,0.156184,-0.294189,0.00068,-7.37e-05,6.18e-05,-6.7e-06,LT_NAND__Z__north_26.500.qca,ok,0.3
LT NAND,Z,displacement,north,26.6,-26.6,0.15336,-0.290354,0.000679,-7.37e-05,6.18e-05,-6.7e-06,LT_NAND__Z__north_26.600.qca,ok,0.3
LT NAND,Z,displacement,north,26.7,-26.7,0.150571,-0.286548,0.000679,-7.36e-05,6.17e-05,-6.69e-06,LT_NAND__Z__north_26.700.qca,ok,0.3
LT NAND,Z,displacement,north,26.8,-26.8,0.147817,-0.282772,0.000678,-7.35e-05,6.16e-05,-6.69e-06,LT_NAND__Z__north_26.800.qca,ok,0.3
LT NAND,Z,displacement,north,26.9,-26.9,0.145097,-0.279025,0.000678,-7.35e-05,6.16e-05,-6.68e-06,LT_NAND__Z__north_26.900.qca,ok,0.3
LT NAND,Z,displacement,north,27,-27,0.14241,-0.275308,0.000677,-7.34e-05,6.15e-05,-6.67e-06,LT_NAND__Z__north_27.000.qca,ok,0.3
LT NAND,Z,displacement,north,27.1,-27.1,0.139755,-0.271621,0.000676,-7.34e-05,6.15e-05,-6.67e-06,LT_NAND__Z__north_27.100.qca,ok,0.3
LT NAND,Z,displacement,north,27.2,-27.2,0.137133,-0.267963,0.000676,-7.33e-05,6.14e-05,-6.66e-06,LT_NAND__Z__north_27.200.qca,ok,0.3
LT NAND,Z,displacement,north,27.3,-27.3,0.134542,-0.264335,0.000675,-7.32e-05,6.14e-05,-6.66e-06,LT_NAND__Z__north_27.300.qca,ok,0.3
LT NAND,Z,displacement,north,27.4,-27.4,0.131983,-0.260736,0.000675,-7.32e-05,6.13e-05,-6.65e-06,LT_NAND__Z__north_27.400.qca,ok,0.3
LT NAND,Z,displacement,north,27.5,-27.5,0.129454,-0.257168,0.000674,-7.31e-05,6.13e-05,-6.65e-06,LT_NAND__Z__north_27.500.qca,ok,0.3
LT NAND,Z,displacement,north,27.6,-27.6,0.126955,-0.253629,0.000674,-7.31e-05,6.12e-05,-6.64e-06,LT_NAND__Z__north_27.600.qca,ok,0.3
LT NAND,Z,displacement,north,27.7,-27.7,0.124486,-0.25012,0.000673,-7.3e-05,6.12e-05,-6.64e-06,LT_NAND__Z__north_27.700.qca,ok,0.3
LT NAND,Z,displacement,north,27.8,-27.8,0.122046,-0.246641,0.000673,-7.3e-05,6.11e-05,-6.63e-06,LT_NAND__Z__north_27.800.qca,ok,0.3
LT NAND,Z,displacement,north,27.9,-27.9,0.119635,-0.243192,0.000672,-7.29e-05,6.11e-05,-6.63e-06,LT_NAND__Z__north_27.900.qca,ok,0.3
LT NAND,Z,displacement,north,28,-28,0.117253,-0.239773,0.000672,-7.29e-05,6.11e-05,-6.62e-06,LT_NAND__Z__north_28.000.qca,ok,0.3
LT NAND,Z,displacement,north,28.1,-28.1,0.114898,-0.236383,0.000671,-7.28e-05,6.1e-05,-6.62e-06,LT_NAND__Z__north_28.100.qca,ok,0.3
LT NAND,Z,displacement,north,28.2,-28.2,0.112571,-0.233023,0.000671,-7.28e-05,6.1e-05,-6.61e-06,LT_NAND__Z__north_28.200.qca,ok,0.3
LT NAND,Z,displacement,north,28.3,-28.3,0.110271,-0.229693,0.00067,-7.27e-05,6.09e-05,-6.61e-06,LT_NAND__Z__north_28.300.qca,ok,0.3
LT NAND,Z,displacement,north,28.4,-28.4,0.107997,-0.226392,0.00067,-7.27e-05,6.09e-05,-6.61e-06,LT_NAND__Z__north_28.400.qca,ok,0.3
LT NAND,Z,displacement,north,28.5,-28.5,0.10575,-0.223121,0.000669,-7.26e-05,6.09e-05,-6.6e-06,LT_NAND__Z__north_28.500.qca,ok,0.3
LT NAND,Z,displacement,north,28.6,-28.6,0.103529,-0.21988,0.000669,-7.26e-05,6.08e-05,-6.6e-06,LT_NAND__Z__north_28.600.qca,ok,0.3
LT NAND,Z,displacement,north,28.7,-28.7,0.101334,-0.216668,0.000669,-7.25e-05,6.08e-05,-6.59e-06,LT_NAND__Z__north_28.700.qca,ok,0.3
LT NAND,Z,displacement,north,28.8,-28.8,0.099164,-0.213485,0.000668,-7.25e-05,6.07e-05,-6.59e-06,LT_NAND__Z__north_28.800.qca,ok,0.3
LT NAND,Z,displacement,north,28.9,-28.9,0.097019,-0.210332,0.000668,-7.25e-05,6.07e-05,-6.59e-06,LT_NAND__Z__north_28.900.qca,ok,0.3
LT NAND,Z,displacement,north,29,-29,0.094898,-0.207207,0.000667,-7.24e-05,6.07e-05,-6.58e-06,LT_NAND__Z__north_29.000.qca,ok,0.3
LT NAND,Z,displacement,north,29.1,-29.1,0.092802,-0.204112,0.000667,-7.24e-05,6.06e-05,-6.58e-06,LT_NAND__Z__north_29.100.qca,ok,0.3
LT NAND,Z,displacement,north,29.2,-29.2,0.090729,-0.201046,0.000667,-7.23e-05,6.06e-05,-6.58e-06,LT_NAND__Z__north_29.200.qca,ok,0.3
LT NAND,Z,displacement,north,29.3,-29.3,0.088681,-0.198009,0.000666,-7.23e-05,6.06e-05,-6.57e-06,LT_NAND__Z__north_29.300.qca,ok,0.3
LT NAND,Z,displacement,north,29.4,-29.4,0.086655,-0.195,0.000666,-7.23e-05,6.05e-05,-6.57e-06,LT_NAND__Z__north_29.400.qca,ok,0.3
LT NAND,Z,displacement,north,29.5,-29.5,0.084653,-0.192021,0.000666,-7.22e-05,6.05e-05,-6.57e-06,LT_NAND__Z__north_29.500.qca,ok,0.3
LT NAND,Z,displacement,north,29.6,-29.6,0.082674,-0.189069,0.000665,-7.22e-05,6.05e-05,-6.56e-06,LT_NAND__Z__north_29.600.qca,ok,0.3
LT NAND,Z,displacement,north,29.7,-29.7,0.080717,-0.186146,0.000665,-7.22e-05,6.04e-05,-6.56e-06,LT_NAND__Z__north_29.700.qca,ok,0.3
LT NAND,Z,displacement,north,29.8,-29.8,0.078782,-0.183252,0.000665,-7.21e-05,6.04e-05,-6.56e-06,LT_NAND__Z__north_29.800.qca,ok,0.3
LT NAND,Z,displacement,north,29.9,-29.9,0.07687,-0.180386,0.000664,-7.21e-05,6.04e-05,-6.55e-06,LT_NAND__Z__north_29.900.qca,ok,0.3
LT NAND,Z,displacement,north,30,-30,0.074979,-0.177547,0.000664,-7.21e-05,6.04e-05,-6.55e-06,LT_NAND__Z__north_30.000.qca,ok,0.3
LT NAND,Z,displacement,south,0.1,0.1,0.953949,-0.948132,0.000739,-6.99e-05,6.72e-05,-6.35e-06,LT_NAND__Z__south_0.100.qca,ok,0.3
LT NAND,Z,displacement,south,0.2,0.2,0.953883,-0.948053,0.000739,-6.99e-05,6.72e-05,-6.36e-06,LT_NAND__Z__south_0.200.qca,ok,0.3
LT NAND,Z,displacement,south,0.3,0.3,0.953772,-0.94792,0.00074,-6.99e-05,6.72e-05,-6.36e-06,LT_NAND__Z__south_0.300.qca,ok,0.3
LT NAND,Z,displacement,south,0.4,0.4,0.953618,-0.947733,0.00074,-7e-05,6.73e-05,-6.36e-06,LT_NAND__Z__south_0.400.qca,ok,0.3
LT NAND,Z,displacement,south,0.5,0.5,0.953418,-0.947491,0.00074,-7.01e-05,6.73e-05,-6.37e-06,LT_NAND__Z__south_0.500.qca,ok,0.3
LT NAND,Z,displacement,south,0.6,0.6,0.953172,-0.947194,0.000741,-7.01e-05,6.73e-05,-6.38e-06,LT_NAND__Z__south_0.600.qca,ok,0.3
LT NAND,Z,displacement,south,0.7,0.7,0.95288,-0.94684,0.000741,-7.02e-05,6.74e-05,-6.39e-06,LT_NAND__Z__south_0.700.qca,ok,0.3
LT NAND,Z,displacement,south,0.8,0.8,0.95254,-0.946429,0.000742,-7.04e-05,6.74e-05,-6.4e-06,LT_NAND__Z__south_0.800.qca,ok,0.3
LT NAND,Z,displacement,south,0.9,0.9,0.952152,-0.945958,0.000743,-7.05e-05,6.75e-05,-6.41e-06,LT_NAND__Z__south_0.900.qca,ok,0.3
LT NAND,Z,displacement,south,1,1,0.951713,-0.945426,0.000743,-7.06e-05,6.76e-05,-6.42e-06,LT_NAND__Z__south_1.000.qca,ok,0.3
LT NAND,Z,displacement,south,1.1,1.1,0.951224,-0.944832,0.000744,-7.08e-05,6.77e-05,-6.44e-06,LT_NAND__Z__south_1.100.qca,ok,0.3
LT NAND,Z,displacement,south,1.2,1.2,0.950681,-0.944171,0.000745,-7.1e-05,6.78e-05,-6.45e-06,LT_NAND__Z__south_1.200.qca,ok,0.3
LT NAND,Z,displacement,south,1.3,1.3,0.950083,-0.943443,0.000746,-7.12e-05,6.79e-05,-6.47e-06,LT_NAND__Z__south_1.300.qca,ok,0.3
LT NAND,Z,displacement,south,1.4,1.4,0.949429,-0.942644,0.000748,-7.14e-05,6.8e-05,-6.49e-06,LT_NAND__Z__south_1.400.qca,ok,0.3
LT NAND,Z,displacement,south,1.5,1.5,0.948715,-0.941772,0.000749,-7.16e-05,6.81e-05,-6.51e-06,LT_NAND__Z__south_1.500.qca,ok,0.3
LT NAND,Z,displacement,south,1.6,1.6,0.947939,-0.940822,0.000751,-7.19e-05,6.83e-05,-6.54e-06,LT_NAND__Z__south_1.600.qca,ok,0.3
LT NAND,Z,displacement,south,1.7,1.7,0.947099,-0.93979,0.000753,-7.22e-05,6.84e-05,-6.56e-06,LT_NAND__Z__south_1.700.qca,ok,0.3
LT NAND,Z,displacement,south,1.8,1.8,0.946191,-0.938673,0.000755,-7.25e-05,6.86e-05,-6.59e-06,LT_NAND__Z__south_1.800.qca,ok,0.3
LT NAND,Z,displacement,south,1.9,1.9,0.945212,-0.937466,0.000757,-7.28e-05,6.88e-05,-6.62e-06,LT_NAND__Z__south_1.900.qca,ok,0.3
LT NAND,Z,displacement,south,2,2,0.944159,-0.936164,0.000759,-7.32e-05,6.9e-05,-6.66e-06,LT_NAND__Z__south_2.000.qca,ok,0.3
LT NAND,Z,displacement,south,2.1,2.1,0.943027,-0.93476,0.000762,-7.36e-05,6.92e-05,-6.69e-06,LT_NAND__Z__south_2.100.qca,ok,0.4
LT NAND,Z,displacement,south,2.2,2.2,0.941812,-0.933249,0.000765,-7.41e-05,6.95e-05,-6.73e-06,LT_NAND__Z__south_2.200.qca,ok,0.3
LT NAND,Z,displacement,south,2.3,2.3,0.940509,-0.931624,0.000768,-7.45e-05,6.98e-05,-6.77e-06,LT_NAND__Z__south_2.300.qca,ok,0.3
LT NAND,Z,displacement,south,2.4,2.4,0.939113,-0.929876,0.000771,-7.5e-05,7.01e-05,-6.82e-06,LT_NAND__Z__south_2.400.qca,ok,0.3
LT NAND,Z,displacement,south,2.5,2.5,0.937618,-0.927999,0.000775,-7.56e-05,7.04e-05,-6.87e-06,LT_NAND__Z__south_2.500.qca,ok,0.3
LT NAND,Z,displacement,south,2.6,2.6,0.936019,-0.925981,0.000779,-7.62e-05,7.08e-05,-6.92e-06,LT_NAND__Z__south_2.600.qca,ok,0.3
LT NAND,Z,displacement,south,2.7,2.7,0.934308,-0.923815,0.000783,-7.68e-05,7.12e-05,-6.98e-06,LT_NAND__Z__south_2.700.qca,ok,0.3
LT NAND,Z,displacement,south,2.8,2.8,0.932478,-0.921487,0.000788,-7.74e-05,7.16e-05,-7.04e-06,LT_NAND__Z__south_2.800.qca,ok,0.3
LT NAND,Z,displacement,south,2.9,2.9,0.930521,-0.918986,0.000793,-7.82e-05,7.21e-05,-7.11e-06,LT_NAND__Z__south_2.900.qca,ok,0.4
LT NAND,Z,displacement,south,3,3,0.928428,-0.916298,0.000798,-7.89e-05,7.26e-05,-7.18e-06,LT_NAND__Z__south_3.000.qca,ok,0.3
LT NAND,Z,displacement,south,3.1,3.1,0.926189,-0.913409,0.000804,-7.98e-05,7.31e-05,-7.25e-06,LT_NAND__Z__south_3.100.qca,ok,0.3
LT NAND,Z,displacement,south,3.2,3.2,0.923795,-0.910301,0.000811,-8.06e-05,7.37e-05,-7.33e-06,LT_NAND__Z__south_3.200.qca,ok,0.3
LT NAND,Z,displacement,south,3.3,3.3,0.921233,-0.906956,0.000818,-8.16e-05,7.43e-05,-7.42e-06,LT_NAND__Z__south_3.300.qca,ok,0.3
LT NAND,Z,displacement,south,3.4,3.4,0.918491,-0.903354,0.000825,-8.26e-05,7.5e-05,-7.51e-06,LT_NAND__Z__south_3.400.qca,ok,0.3
LT NAND,Z,displacement,south,3.5,3.5,0.915555,-0.899472,0.000834,-8.37e-05,7.58e-05,-7.61e-06,LT_NAND__Z__south_3.500.qca,ok,0.3
LT NAND,Z,displacement,south,3.6,3.6,0.912411,-0.895284,0.000843,-8.49e-05,7.66e-05,-7.72e-06,LT_NAND__Z__south_3.600.qca,ok,0.3
LT NAND,Z,displacement,south,3.7,3.7,0.909042,-0.890764,0.000853,-8.62e-05,7.76e-05,-7.84e-06,LT_NAND__Z__south_3.700.qca,ok,0.3
LT NAND,Z,displacement,south,3.8,3.8,0.90543,-0.88588,0.000865,-8.78e-05,7.87e-05,-7.98e-06,LT_NAND__Z__south_3.800.qca,ok,0.3
LT NAND,Z,displacement,south,3.9,3.9,0.901555,-0.880597,0.000881,-8.96e-05,8.01e-05,-8.15e-06,LT_NAND__Z__south_3.900.qca,ok,0.3
LT NAND,Z,displacement,south,4,4,0.897397,-0.874876,0.000899,-9.17e-05,8.17e-05,-8.34e-06,LT_NAND__Z__south_4.000.qca,ok,0.3
LT NAND,Z,displacement,south,4.1,4.1,0.892931,-0.868674,0.000906,-9.28e-05,8.24e-05,-8.43e-06,LT_NAND__Z__south_4.100.qca,ok,0.3
LT NAND,Z,displacement,south,4.2,4.2,0.888131,-0.861944,0.000907,-9.3e-05,8.25e-05,-8.46e-06,LT_NAND__Z__south_4.200.qca,ok,0.3
LT NAND,Z,displacement,south,4.3,4.3,0.88297,-0.85463,0.000906,-9.31e-05,8.24e-05,-8.46e-06,LT_NAND__Z__south_4.300.qca,ok,0.3
LT NAND,Z,displacement,south,4.4,4.4,0.877417,-0.846673,0.000904,-9.31e-05,8.22e-05,-8.46e-06,LT_NAND__Z__south_4.400.qca,ok,0.3
LT NAND,Z,displacement,south,4.5,4.5,0.871437,-0.838005,0.000901,-9.3e-05,8.19e-05,-8.45e-06,LT_NAND__Z__south_4.500.qca,ok,0.3
LT NAND,Z,displacement,south,4.6,4.6,0.864994,-0.828551,0.000898,-9.28e-05,8.16e-05,-8.44e-06,LT_NAND__Z__south_4.600.qca,ok,0.3
LT NAND,Z,displacement,south,4.7,4.7,0.858048,-0.818226,0.000894,-9.26e-05,8.13e-05,-8.42e-06,LT_NAND__Z__south_4.700.qca,ok,0.3
LT NAND,Z,displacement,south,4.8,4.8,0.850555,-0.806938,0.00089,-9.24e-05,8.09e-05,-8.4e-06,LT_NAND__Z__south_4.800.qca,ok,0.3
LT NAND,Z,displacement,south,4.9,4.9,0.842466,-0.794581,0.000886,-9.22e-05,8.05e-05,-8.38e-06,LT_NAND__Z__south_4.900.qca,ok,0.3
LT NAND,Z,displacement,south,5,5,0.833731,-0.781043,0.000881,-9.19e-05,8.01e-05,-8.35e-06,LT_NAND__Z__south_5.000.qca,ok,0.3
LT NAND,Z,displacement,south,5.1,5.1,0.824292,-0.766196,0.000876,-9.15e-05,7.96e-05,-8.32e-06,LT_NAND__Z__south_5.100.qca,ok,0.3
LT NAND,Z,displacement,south,5.2,5.2,0.81409,-0.749905,0.00087,-9.12e-05,7.91e-05,-8.29e-06,LT_NAND__Z__south_5.200.qca,ok,0.4
LT NAND,Z,displacement,south,5.3,5.3,0.803059,-0.732026,0.000865,-9.08e-05,7.86e-05,-8.25e-06,LT_NAND__Z__south_5.300.qca,ok,0.4
LT NAND,Z,displacement,south,5.4,5.4,0.79113,-0.712407,0.000858,-9.03e-05,7.8e-05,-8.21e-06,LT_NAND__Z__south_5.400.qca,ok,0.3
LT NAND,Z,displacement,south,5.5,5.5,0.77823,-0.690898,0.000852,-8.98e-05,7.74e-05,-8.16e-06,LT_NAND__Z__south_5.500.qca,ok,0.3
LT NAND,Z,displacement,south,5.6,5.6,0.764282,-0.667353,0.000844,-8.92e-05,7.67e-05,-8.11e-06,LT_NAND__Z__south_5.600.qca,ok,0.3
LT NAND,Z,displacement,south,5.7,5.7,0.749205,-0.64165,0.000836,-8.85e-05,7.6e-05,-8.05e-06,LT_NAND__Z__south_5.700.qca,ok,0.3
LT NAND,Z,displacement,south,5.8,5.8,0.732918,-0.613702,0.000828,-8.78e-05,7.52e-05,-7.98e-06,LT_NAND__Z__south_5.800.qca,ok,0.3
LT NAND,Z,displacement,south,5.9,5.9,0.715338,-0.583483,0.000818,-8.7e-05,7.44e-05,-7.91e-06,LT_NAND__Z__south_5.900.qca,ok,0.4
LT NAND,Z,displacement,south,6,6,0.696384,-0.551057,0.000808,-8.6e-05,7.34e-05,-7.82e-06,LT_NAND__Z__south_6.000.qca,ok,0.3
LT NAND,Z,displacement,south,6.1,6.1,0.675979,-0.516603,0.000797,-8.5e-05,7.24e-05,-7.73e-06,LT_NAND__Z__south_6.100.qca,ok,0.3
LT NAND,Z,displacement,south,6.2,6.2,0.65405,-0.480435,0.000785,-8.39e-05,7.14e-05,-7.63e-06,LT_NAND__Z__south_6.200.qca,ok,0.3
LT NAND,Z,displacement,south,6.3,6.3,0.630534,-0.443008,0.000773,-8.27e-05,7.02e-05,-7.52e-06,LT_NAND__Z__south_6.300.qca,ok,0.3
LT NAND,Z,displacement,south,6.4,6.4,0.605383,-0.404895,0.00076,-8.15e-05,6.91e-05,-7.41e-06,LT_NAND__Z__south_6.400.qca,ok,0.3
LT NAND,Z,displacement,south,6.5,6.5,0.578562,-0.366728,0.000747,-8.03e-05,6.79e-05,-7.3e-06,LT_NAND__Z__south_6.500.qca,ok,0.3
LT NAND,Z,displacement,south,6.6,6.6,0.550058,-0.329126,0.000735,-7.9e-05,6.68e-05,-7.19e-06,LT_NAND__Z__south_6.600.qca,ok,0.3
LT NAND,Z,displacement,south,6.7,6.7,0.51988,-0.292624,0.000723,-7.79e-05,6.57e-05,-7.08e-06,LT_NAND__Z__south_6.700.qca,ok,0.3
LT NAND,Z,displacement,south,6.8,6.8,0.488062,-0.257616,0.000712,-7.68e-05,6.48e-05,-6.98e-06,LT_NAND__Z__south_6.800.qca,ok,0.3
LT NAND,Z,displacement,south,6.9,6.9,0.454669,-0.22434,0.000702,-7.58e-05,6.39e-05,-6.89e-06,LT_NAND__Z__south_6.900.qca,ok,0.3
LT NAND,Z,displacement,south,7,7,0.419789,-0.192884,0.000694,-7.49e-05,6.3e-05,-6.81e-06,LT_NAND__Z__south_7.000.qca,ok,0.3
LT NAND,Z,displacement,south,7.1,7.1,0.383542,-0.163222,0.000686,-7.42e-05,6.23e-05,-6.74e-06,LT_NAND__Z__south_7.100.qca,ok,0.3
LT NAND,Z,displacement,south,7.2,7.2,0.346071,-0.135245,0.000679,-7.35e-05,6.17e-05,-6.68e-06,LT_NAND__Z__south_7.200.qca,ok,0.3
LT NAND,Z,displacement,south,7.3,7.3,0.307542,-0.108795,0.000674,-7.3e-05,6.12e-05,-6.63e-06,LT_NAND__Z__south_7.300.qca,ok,0.3
LT NAND,Z,displacement,south,7.4,7.4,0.268139,-0.083689,0.000669,-7.25e-05,6.08e-05,-6.59e-06,LT_NAND__Z__south_7.400.qca,ok,0.3
LT NAND,Z,displacement,south,7.5,7.5,0.22806,-0.059734,0.000665,-7.22e-05,6.05e-05,-6.56e-06,LT_NAND__Z__south_7.500.qca,ok,0.3
LT NAND,Z,displacement,south,7.6,7.6,0.191455,-0.036744,0.000663,-7.19e-05,6.02e-05,-6.54e-06,LT_NAND__Z__south_7.600.qca,ok,0.3
LT NAND,Z,displacement,south,7.7,7.7,0.163358,-0.014541,0.000661,-7.17e-05,6.01e-05,-6.52e-06,LT_NAND__Z__south_7.700.qca,ok,0.3
LT NAND,Z,displacement,south,7.8,7.8,0.135811,-0.000698,0.00066,-7.16e-05,6e-05,-6.51e-06,LT_NAND__Z__south_7.800.qca,ok,0.3
LT NAND,Z,displacement,south,7.9,7.9,0.10876,-0.00356,0.000659,-7.15e-05,5.99e-05,-6.5e-06,LT_NAND__Z__south_7.900.qca,ok,0.3
LT NAND,Z,displacement,south,8,8,0.082141,-0.031316,0.000659,-7.16e-05,5.99e-05,-6.51e-06,LT_NAND__Z__south_8.000.qca,ok,0.3
LT NAND,Z,displacement,south,8.1,8.1,0.069462,-0.059386,0.00066,-7.17e-05,6e-05,-6.51e-06,LT_NAND__Z__south_8.100.qca,ok,0.3
LT NAND,Z,displacement,south,8.2,8.2,0.089896,-0.087098,0.000661,-7.18e-05,6.01e-05,-6.53e-06,LT_NAND__Z__south_8.200.qca,ok,0.3
LT NAND,Z,displacement,south,8.3,8.3,0.110305,-0.114498,0.000663,-7.2e-05,6.03e-05,-6.55e-06,LT_NAND__Z__south_8.300.qca,ok,0.3
LT NAND,Z,displacement,south,8.4,8.4,0.130762,-0.141615,0.000666,-7.22e-05,6.05e-05,-6.57e-06,LT_NAND__Z__south_8.400.qca,ok,0.3
LT NAND,Z,displacement,south,8.5,8.5,0.151326,-0.168461,0.000669,-7.26e-05,6.08e-05,-6.6e-06,LT_NAND__Z__south_8.500.qca,ok,0.3
LT NAND,Z,displacement,south,8.6,8.6,0.172039,-0.200951,0.000672,-7.29e-05,6.11e-05,-6.63e-06,LT_NAND__Z__south_8.600.qca,ok,0.3
LT NAND,Z,displacement,south,8.7,8.7,0.192922,-0.234612,0.000676,-7.33e-05,6.14e-05,-6.66e-06,LT_NAND__Z__south_8.700.qca,ok,0.3
LT NAND,Z,displacement,south,8.8,8.8,0.213982,-0.26691,0.00068,-7.37e-05,6.18e-05,-6.7e-06,LT_NAND__Z__south_8.800.qca,ok,0.3
LT NAND,Z,displacement,south,8.9,8.9,0.235203,-0.297799,0.000685,-7.42e-05,6.23e-05,-6.75e-06,LT_NAND__Z__south_8.900.qca,ok,0.3
LT NAND,Z,displacement,south,9,9,0.25655,-0.327251,0.00069,-7.47e-05,6.27e-05,-6.79e-06,LT_NAND__Z__south_9.000.qca,ok,0.3
LT NAND,Z,displacement,south,9.1,9.1,0.277972,-0.355254,0.000695,-7.52e-05,6.32e-05,-6.84e-06,LT_NAND__Z__south_9.100.qca,ok,0.3
LT NAND,Z,displacement,south,9.2,9.2,0.299397,-0.381812,0.000701,-7.58e-05,6.37e-05,-6.89e-06,LT_NAND__Z__south_9.200.qca,ok,0.3
LT NAND,Z,displacement,south,9.3,9.3,0.320741,-0.40694,0.000706,-7.64e-05,6.42e-05,-6.94e-06,LT_NAND__Z__south_9.300.qca,ok,0.3
LT NAND,Z,displacement,south,9.4,9.4,0.341909,-0.430667,0.000712,-7.7e-05,6.48e-05,-7e-06,LT_NAND__Z__south_9.400.qca,ok,0.3
LT NAND,Z,displacement,south,9.5,9.5,0.362798,-0.453028,0.000718,-7.75e-05,6.53e-05,-7.05e-06,LT_NAND__Z__south_9.500.qca,ok,0.3
LT NAND,Z,displacement,south,9.6,9.6,0.383307,-0.474068,0.000724,-7.81e-05,6.58e-05,-7.1e-06,LT_NAND__Z__south_9.600.qca,ok,0.3
LT NAND,Z,displacement,south,9.7,9.7,0.403335,-0.493837,0.00073,-7.87e-05,6.63e-05,-7.15e-06,LT_NAND__Z__south_9.700.qca,ok,0.3
LT NAND,Z,displacement,south,9.8,9.8,0.422792,-0.512388,0.000735,-7.92e-05,6.69e-05,-7.2e-06,LT_NAND__Z__south_9.800.qca,ok,0.3
LT NAND,Z,displacement,south,9.9,9.9,0.441599,-0.529778,0.000741,-7.98e-05,6.74e-05,-7.25e-06,LT_NAND__Z__south_9.900.qca,ok,0.3
LT NAND,Z,displacement,south,10,10,0.459689,-0.546065,0.000746,-8.03e-05,6.78e-05,-7.3e-06,LT_NAND__Z__south_10.000.qca,ok,0.3
LT NAND,Z,displacement,south,10.1,10.1,0.477013,-0.561306,0.000751,-8.07e-05,6.83e-05,-7.34e-06,LT_NAND__Z__south_10.100.qca,ok,0.3
LT NAND,Z,displacement,south,10.2,10.2,0.493534,-0.575559,0.000756,-8.12e-05,6.87e-05,-7.38e-06,LT_NAND__Z__south_10.200.qca,ok,0.3
LT NAND,Z,displacement,south,10.3,10.3,0.50923,-0.588881,0.00076,-8.16e-05,6.91e-05,-7.42e-06,LT_NAND__Z__south_10.300.qca,ok,0.4
LT NAND,Z,displacement,south,10.4,10.4,0.524095,-0.601326,0.000765,-8.2e-05,6.95e-05,-7.45e-06,LT_NAND__Z__south_10.400.qca,ok,0.3
LT NAND,Z,displacement,south,10.5,10.5,0.538129,-0.612947,0.000769,-8.24e-05,6.99e-05,-7.49e-06,LT_NAND__Z__south_10.500.qca,ok,0.3
LT NAND,Z,displacement,south,10.6,10.6,0.551344,-0.623795,0.000772,-8.27e-05,7.02e-05,-7.52e-06,LT_NAND__Z__south_10.600.qca,ok,0.3
LT NAND,Z,displacement,south,10.7,10.7,0.56376,-0.633916,0.000776,-8.3e-05,7.05e-05,-7.55e-06,LT_NAND__Z__south_10.700.qca,ok,0.3
LT NAND,Z,displacement,south,10.8,10.8,0.5754,-0.643357,0.000779,-8.33e-05,7.08e-05,-7.57e-06,LT_NAND__Z__south_10.800.qca,ok,0.3
LT NAND,Z,displacement,south,10.9,10.9,0.586294,-0.652159,0.000782,-8.36e-05,7.11e-05,-7.6e-06,LT_NAND__Z__south_10.900.qca,ok,0.3
LT NAND,Z,displacement,south,11,11,0.596471,-0.660363,0.000785,-8.38e-05,7.14e-05,-7.62e-06,LT_NAND__Z__south_11.000.qca,ok,0.3
LT NAND,Z,displacement,south,11.1,11.1,0.605964,-0.668006,0.000788,-8.4e-05,7.16e-05,-7.64e-06,LT_NAND__Z__south_11.100.qca,ok,0.3
LT NAND,Z,displacement,south,11.2,11.2,0.614806,-0.675123,0.00079,-8.42e-05,7.18e-05,-7.66e-06,LT_NAND__Z__south_11.200.qca,ok,0.3
LT NAND,Z,displacement,south,11.3,11.3,0.62303,-0.681747,0.000792,-8.44e-05,7.2e-05,-7.68e-06,LT_NAND__Z__south_11.300.qca,ok,0.3
LT NAND,Z,displacement,south,11.4,11.4,0.630669,-0.687907,0.000795,-8.46e-05,7.22e-05,-7.69e-06,LT_NAND__Z__south_11.400.qca,ok,0.3
LT NAND,Z,displacement,south,11.5,11.5,0.637752,-0.693632,0.000797,-8.48e-05,7.24e-05,-7.71e-06,LT_NAND__Z__south_11.500.qca,ok,0.3
LT NAND,Z,displacement,south,11.6,11.6,0.644311,-0.698948,0.000798,-8.49e-05,7.26e-05,-7.72e-06,LT_NAND__Z__south_11.600.qca,ok,0.3
LT NAND,Z,displacement,south,11.7,11.7,0.650375,-0.703879,0.0008,-8.51e-05,7.27e-05,-7.73e-06,LT_NAND__Z__south_11.700.qca,ok,0.3
LT NAND,Z,displacement,south,11.8,11.8,0.655969,-0.708447,0.000802,-8.52e-05,7.29e-05,-7.75e-06,LT_NAND__Z__south_11.800.qca,ok,0.3
LT NAND,Z,displacement,south,11.9,11.9,0.661121,-0.712674,0.000803,-8.53e-05,7.3e-05,-7.76e-06,LT_NAND__Z__south_11.900.qca,ok,0.3
LT NAND,Z,displacement,south,12,12,0.665853,-0.716579,0.000805,-8.54e-05,7.32e-05,-7.77e-06,LT_NAND__Z__south_12.000.qca,ok,0.3
LT NAND,Z,displacement,south,12.1,12.1,0.670189,-0.720179,0.000806,-8.56e-05,7.33e-05,-7.78e-06,LT_NAND__Z__south_12.100.qca,ok,0.3
LT NAND,Z,displacement,south,12.2,12.2,0.674148,-0.72349,0.000807,-8.57e-05,7.34e-05,-7.79e-06,LT_NAND__Z__south_12.200.qca,ok,0.3
LT NAND,Z,displacement,south,12.3,12.3,0.677752,-0.72653,0.000809,-8.57e-05,7.35e-05,-7.79e-06,LT_NAND__Z__south_12.300.qca,ok,0.3
LT NAND,Z,displacement,south,12.4,12.4,0.681017,-0.72931,0.00081,-8.58e-05,7.36e-05,-7.8e-06,LT_NAND__Z__south_12.400.qca,ok,0.3
LT NAND,Z,displacement,south,12.5,12.5,0.683961,-0.731846,0.000811,-8.59e-05,7.37e-05,-7.81e-06,LT_NAND__Z__south_12.500.qca,ok,0.3
LT NAND,Z,displacement,south,12.6,12.6,0.686599,-0.734148,0.000812,-8.6e-05,7.38e-05,-7.82e-06,LT_NAND__Z__south_12.600.qca,ok,0.3
LT NAND,Z,displacement,south,12.7,12.7,0.688946,-0.736228,0.000812,-8.61e-05,7.39e-05,-7.82e-06,LT_NAND__Z__south_12.700.qca,ok,0.3
LT NAND,Z,displacement,south,12.8,12.8,0.691014,-0.738096,0.000813,-8.61e-05,7.39e-05,-7.83e-06,LT_NAND__Z__south_12.800.qca,ok,0.3
LT NAND,Z,displacement,south,12.9,12.9,0.692817,-0.739762,0.000814,-8.62e-05,7.4e-05,-7.84e-06,LT_NAND__Z__south_12.900.qca,ok,0.3
LT NAND,Z,displacement,south,13,13,0.694366,-0.741236,0.000815,-8.63e-05,7.41e-05,-7.84e-06,LT_NAND__Z__south_13.000.qca,ok,0.3
LT NAND,Z,displacement,south,13.1,13.1,0.69567,-0.742525,0.000815,-8.63e-05,7.41e-05,-7.85e-06,LT_NAND__Z__south_13.100.qca,ok,0.3
LT NAND,Z,displacement,south,13.2,13.2,0.696741,-0.743636,0.000816,-8.64e-05,7.42e-05,-7.85e-06,LT_NAND__Z__south_13.200.qca,ok,0.3
LT NAND,Z,displacement,south,13.3,13.3,0.697586,-0.744579,0.000816,-8.64e-05,7.42e-05,-7.86e-06,LT_NAND__Z__south_13.300.qca,ok,0.3
LT NAND,Z,displacement,south,13.4,13.4,0.698214,-0.745358,0.000817,-8.65e-05,7.43e-05,-7.86e-06,LT_NAND__Z__south_13.400.qca,ok,0.3
LT NAND,Z,displacement,south,13.5,13.5,0.698633,-0.74598,0.000817,-8.65e-05,7.43e-05,-7.86e-06,LT_NAND__Z__south_13.500.qca,ok,0.3
LT NAND,Z,displacement,south,13.6,13.6,0.69885,-0.746451,0.000818,-8.66e-05,7.43e-05,-7.87e-06,LT_NAND__Z__south_13.600.qca,ok,0.4
LT NAND,Z,displacement,south,13.7,13.7,0.698871,-0.746777,0.000818,-8.66e-05,7.44e-05,-7.87e-06,LT_NAND__Z__south_13.700.qca,ok,0.4
LT NAND,Z,displacement,south,13.8,13.8,0.698702,-0.746962,0.000818,-8.66e-05,7.44e-05,-7.87e-06,LT_NAND__Z__south_13.800.qca,ok,0.3
LT NAND,Z,displacement,south,13.9,13.9,0.698348,-0.74701,0.000819,-8.67e-05,7.44e-05,-7.88e-06,LT_NAND__Z__south_13.900.qca,ok,0.3
LT NAND,Z,displacement,south,14,14,0.697816,-0.746927,0.000819,-8.67e-05,7.45e-05,-7.88e-06,LT_NAND__Z__south_14.000.qca,ok,0.3
LT NAND,Z,displacement,south,14.1,14.1,0.697109,-0.746716,0.000819,-8.67e-05,7.45e-05,-7.88e-06,LT_NAND__Z__south_14.100.qca,ok,0.3
LT NAND,Z,displacement,south,14.2,14.2,0.696232,-0.746382,0.000819,-8.67e-05,7.45e-05,-7.89e-06,LT_NAND__Z__south_14.200.qca,ok,0.3
LT NAND,Z,displacement,south,14.3,14.3,0.695189,-0.745927,0.000819,-8.68e-05,7.45e-05,-7.89e-06,LT_NAND__Z__south_14.300.qca,ok,0.3
LT NAND,Z,displacement,south,14.4,14.4,0.693983,-0.745355,0.000819,-8.68e-05,7.45e-05,-7.89e-06,LT_NAND__Z__south_14.400.qca,ok,0.3
LT NAND,Z,displacement,south,14.5,14.5,0.692619,-0.744669,0.000819,-8.68e-05,7.45e-05,-7.89e-06,LT_NAND__Z__south_14.500.qca,ok,0.3
LT NAND,Z,displacement,south,14.6,14.6,0.691099,-0.743872,0.000819,-8.68e-05,7.45e-05,-7.89e-06,LT_NAND__Z__south_14.600.qca,ok,0.3
LT NAND,Z,displacement,south,14.7,14.7,0.689426,-0.742966,0.000819,-8.68e-05,7.45e-05,-7.89e-06,LT_NAND__Z__south_14.700.qca,ok,0.3
LT NAND,Z,displacement,south,14.8,14.8,0.687603,-0.741955,0.000819,-8.68e-05,7.45e-05,-7.89e-06,LT_NAND__Z__south_14.800.qca,ok,0.3
LT NAND,Z,displacement,south,14.9,14.9,0.685633,-0.740841,0.000819,-8.68e-05,7.45e-05,-7.89e-06,LT_NAND__Z__south_14.900.qca,ok,0.3
LT NAND,Z,displacement,south,15,15,0.683518,-0.739626,0.000819,-8.68e-05,7.45e-05,-7.89e-06,LT_NAND__Z__south_15.000.qca,ok,0.3
LT NAND,Z,displacement,south,15.1,15.1,0.68126,-0.738311,0.000819,-8.68e-05,7.44e-05,-7.89e-06,LT_NAND__Z__south_15.100.qca,ok,0.3
LT NAND,Z,displacement,south,15.2,15.2,0.678862,-0.7369,0.000819,-8.68e-05,7.44e-05,-7.89e-06,LT_NAND__Z__south_15.200.qca,ok,0.3
LT NAND,Z,displacement,south,15.3,15.3,0.676326,-0.735394,0.000818,-8.68e-05,7.44e-05,-7.89e-06,LT_NAND__Z__south_15.300.qca,ok,0.3
LT NAND,Z,displacement,south,15.4,15.4,0.673653,-0.733795,0.000818,-8.68e-05,7.44e-05,-7.89e-06,LT_NAND__Z__south_15.400.qca,ok,0.3
LT NAND,Z,displacement,south,15.5,15.5,0.670846,-0.732105,0.000818,-8.68e-05,7.43e-05,-7.89e-06,LT_NAND__Z__south_15.500.qca,ok,0.3
LT NAND,Z,displacement,south,15.6,15.6,0.667907,-0.730324,0.000817,-8.68e-05,7.43e-05,-7.89e-06,LT_NAND__Z__south_15.600.qca,ok,0.3
LT NAND,Z,displacement,south,15.7,15.7,0.664837,-0.728456,0.000817,-8.67e-05,7.43e-05,-7.89e-06,LT_NAND__Z__south_15.700.qca,ok,0.3
LT NAND,Z,displacement,south,15.8,15.8,0.661638,-0.726502,0.000816,-8.67e-05,7.42e-05,-7.88e-06,LT_NAND__Z__south_15.800.qca,ok,0.3
LT NAND,Z,displacement,south,15.9,15.9,0.658311,-0.724462,0.000816,-8.67e-05,7.42e-05,-7.88e-06,LT_NAND__Z__south_15.900.qca,ok,0.3
LT NAND,Z,displacement,south,16,16,0.65486,-0.722339,0.000815,-8.67e-05,7.41e-05,-7.88e-06,LT_NAND__Z__south_16.000.qca,ok,0.3
LT NAND,Z,displacement,south,16.1,16.1,0.651285,-0.720134,0.000815,-8.66e-05,7.41e-05,-7.88e-06,LT_NAND__Z__south_16.100.qca,ok,0.3
LT NAND,Z,displacement,south,16.2,16.2,0.647588,-0.717848,0.000814,-8.66e-05,7.4e-05,-7.87e-06,LT_NAND__Z__south_16.200.qca,ok,0.3
LT NAND,Z,displacement,south,16.3,16.3,0.643772,-0.715483,0.000813,-8.65e-05,7.39e-05,-7.87e-06,LT_NAND__Z__south_16.300.qca,ok,0.3
LT NAND,Z,displacement,south,16.4,16.4,0.639837,-0.713039,0.000813,-8.65e-05,7.39e-05,-7.86e-06,LT_NAND__Z__south_16.400.qca,ok,0.3
LT NAND,Z,displacement,south,16.5,16.5,0.635787,-0.710518,0.000812,-8.64e-05,7.38e-05,-7.86e-06,LT_NAND__Z__south_16.500.qca,ok,0.3
LT NAND,Z,displacement,south,16.6,16.6,0.631623,-0.707922,0.000811,-8.64e-05,7.37e-05,-7.85e-06,LT_NAND__Z__south_16.600.qca,ok,0.3
LT NAND,Z,displacement,south,16.7,16.7,0.627347,-0.705252,0.00081,-8.63e-05,7.37e-05,-7.85e-06,LT_NAND__Z__south_16.700.qca,ok,0.3
LT NAND,Z,displacement,south,16.8,16.8,0.622962,-0.702508,0.000809,-8.63e-05,7.36e-05,-7.84e-06,LT_NAND__Z__south_16.800.qca,ok,0.3
LT NAND,Z,displacement,south,16.9,16.9,0.618469,-0.699692,0.000809,-8.62e-05,7.35e-05,-7.84e-06,LT_NAND__Z__south_16.900.qca,ok,0.3
LT NAND,Z,displacement,south,17,17,0.613872,-0.696805,0.000808,-8.61e-05,7.34e-05,-7.83e-06,LT_NAND__Z__south_17.000.qca,ok,0.3
LT NAND,Z,displacement,south,17.1,17.1,0.609173,-0.693849,0.000807,-8.61e-05,7.33e-05,-7.82e-06,LT_NAND__Z__south_17.100.qca,ok,0.3
LT NAND,Z,displacement,south,17.2,17.2,0.604374,-0.690824,0.000806,-8.6e-05,7.32e-05,-7.82e-06,LT_NAND__Z__south_17.200.qca,ok,0.3
LT NAND,Z,displacement,south,17.3,17.3,0.599478,-0.687733,0.000805,-8.59e-05,7.31e-05,-7.81e-06,LT_NAND__Z__south_17.300.qca,ok,0.3
LT NAND,Z,displacement,south,17.4,17.4,0.594488,-0.684575,0.000803,-8.58e-05,7.3e-05,-7.8e-06,LT_NAND__Z__south_17.400.qca,ok,0.3
LT NAND,Z,displacement,south,17.5,17.5,0.589408,-0.681353,0.000802,-8.57e-05,7.29e-05,-7.79e-06,LT_NAND__Z__south_17.500.qca,ok,0.3
LT NAND,Z,displacement,south,17.6,17.6,0.58424,-0.678067,0.000801,-8.56e-05,7.28e-05,-7.78e-06,LT_NAND__Z__south_17.600.qca,ok,0.3
LT NAND,Z,displacement,south,17.7,17.7,0.578988,-0.674719,0.0008,-8.55e-05,7.27e-05,-7.77e-06,LT_NAND__Z__south_17.700.qca,ok,0.3
LT NAND,Z,displacement,south,17.8,17.8,0.573656,-0.671309,0.000799,-8.54e-05,7.26e-05,-7.76e-06,LT_NAND__Z__south_17.800.qca,ok,0.3
LT NAND,Z,displacement,south,17.9,17.9,0.568246,-0.66784,0.000797,-8.53e-05,7.25e-05,-7.75e-06,LT_NAND__Z__south_17.900.qca,ok,0.3
LT NAND,Z,displacement,south,18,18,0.562762,-0.664313,0.000796,-8.52e-05,7.24e-05,-7.74e-06,LT_NAND__Z__south_18.000.qca,ok,0.3
LT NAND,Z,displacement,south,18.1,18.1,0.557209,-0.660728,0.000795,-8.5e-05,7.22e-05,-7.73e-06,LT_NAND__Z__south_18.100.qca,ok,0.3
LT NAND,Z,displacement,south,18.2,18.2,0.55159,-0.657088,0.000793,-8.49e-05,7.21e-05,-7.72e-06,LT_NAND__Z__south_18.200.qca,ok,0.3
LT NAND,Z,displacement,south,18.3,18.3,0.54591,-0.653392,0.000792,-8.48e-05,7.2e-05,-7.71e-06,LT_NAND__Z__south_18.300.qca,ok,0.3
LT NAND,Z,displacement,south,18.4,18.4,0.540172,-0.649644,0.00079,-8.47e-05,7.18e-05,-7.7e-06,LT_NAND__Z__south_18.400.qca,ok,0.3
LT NAND,Z,displacement,south,18.5,18.5,0.534382,-0.645844,0.000789,-8.45e-05,7.17e-05,-7.68e-06,LT_NAND__Z__south_18.500.qca,ok,0.3
LT NAND,Z,displacement,south,18.6,18.6,0.528542,-0.641993,0.000787,-8.44e-05,7.16e-05,-7.67e-06,LT_NAND__Z__south_18.600.qca,ok,0.3
LT NAND,Z,displacement,south,18.7,18.7,0.522658,-0.638093,0.000786,-8.42e-05,7.14e-05,-7.66e-06,LT_NAND__Z__south_18.700.qca,ok,0.3
LT NAND,Z,displacement,south,18.8,18.8,0.516734,-0.634145,0.000784,-8.41e-05,7.13e-05,-7.65e-06,LT_NAND__Z__south_18.800.qca,ok,0.3
LT NAND,Z,displacement,south,18.9,18.9,0.510775,-0.630151,0.000782,-8.39e-05,7.11e-05,-7.63e-06,LT_NAND__Z__south_18.900.qca,ok,0.3
LT NAND,Z,displacement,south,19,19,0.504786,-0.626111,0.000781,-8.38e-05,7.1e-05,-7.62e-06,LT_NAND__Z__south_19.000.qca,ok,0.3
LT NAND,Z,displacement,south,19.1,19.1,0.49877,-0.622029,0.000779,-8.36e-05,7.08e-05,-7.6e-06,LT_NAND__Z__south_19.100.qca,ok,0.3
LT NAND,Z,displacement,south,19.2,19.2,0.492733,-0.617904,0.000777,-8.35e-05,7.07e-05,-7.59e-06,LT_NAND__Z__south_19.200.qca,ok,0.3
LT NAND,Z,displacement,south,19.3,19.3,0.486678,-0.613739,0.000776,-8.33e-05,7.05e-05,-7.57e-06,LT_NAND__Z__south_19.300.qca,ok,0.3
LT NAND,Z,displacement,south,19.4,19.4,0.480612,-0.609534,0.000774,-8.32e-05,7.03e-05,-7.56e-06,LT_NAND__Z__south_19.400.qca,ok,0.3
LT NAND,Z,displacement,south,19.5,19.5,0.474537,-0.605292,0.000772,-8.3e-05,7.02e-05,-7.54e-06,LT_NAND__Z__south_19.500.qca,ok,0.3
LT NAND,Z,displacement,south,19.6,19.6,0.468459,-0.601014,0.00077,-8.28e-05,7e-05,-7.53e-06,LT_NAND__Z__south_19.600.qca,ok,0.3
LT NAND,Z,displacement,south,19.7,19.7,0.462383,-0.596701,0.000769,-8.26e-05,6.99e-05,-7.51e-06,LT_NAND__Z__south_19.700.qca,ok,0.3
LT NAND,Z,displacement,south,19.8,19.8,0.456311,-0.592355,0.000767,-8.25e-05,6.97e-05,-7.5e-06,LT_NAND__Z__south_19.800.qca,ok,0.3
LT NAND,Z,displacement,south,19.9,19.9,0.450248,-0.587977,0.000765,-8.23e-05,6.95e-05,-7.48e-06,LT_NAND__Z__south_19.900.qca,ok,0.3
LT NAND,Z,displacement,south,20,20,0.4442,-0.58357,0.000763,-8.21e-05,6.94e-05,-7.47e-06,LT_NAND__Z__south_20.000.qca,ok,0.3
LT NAND,Z,displacement,south,20.1,20.1,0.438168,-0.579133,0.000761,-8.2e-05,6.92e-05,-7.45e-06,LT_NAND__Z__south_20.100.qca,ok,0.3
LT NAND,Z,displacement,south,20.2,20.2,0.432158,-0.57467,0.00076,-8.18e-05,6.91e-05,-7.43e-06,LT_NAND__Z__south_20.200.qca,ok,0.3
LT NAND,Z,displacement,south,20.3,20.3,0.426172,-0.570181,0.000758,-8.16e-05,6.89e-05,-7.42e-06,LT_NAND__Z__south_20.300.qca,ok,0.3
LT NAND,Z,displacement,south,20.4,20.4,0.420215,-0.565667,0.000756,-8.14e-05,6.87e-05,-7.4e-06,LT_NAND__Z__south_20.400.qca,ok,0.3
LT NAND,Z,displacement,south,20.5,20.5,0.414289,-0.561132,0.000754,-8.13e-05,6.86e-05,-7.39e-06,LT_NAND__Z__south_20.500.qca,ok,0.3
LT NAND,Z,displacement,south,20.6,20.6,0.408399,-0.556575,0.000752,-8.11e-05,6.84e-05,-7.37e-06,LT_NAND__Z__south_20.600.qca,ok,0.3
LT NAND,Z,displacement,south,20.7,20.7,0.402545,-0.551999,0.000751,-8.09e-05,6.82e-05,-7.36e-06,LT_NAND__Z__south_20.700.qca,ok,0.3
LT NAND,Z,displacement,south,20.8,20.8,0.396733,-0.547404,0.000749,-8.07e-05,6.81e-05,-7.34e-06,LT_NAND__Z__south_20.800.qca,ok,0.3
LT NAND,Z,displacement,south,20.9,20.9,0.390963,-0.542793,0.000747,-8.06e-05,6.79e-05,-7.32e-06,LT_NAND__Z__south_20.900.qca,ok,0.3
LT NAND,Z,displacement,south,21,21,0.385239,-0.538167,0.000745,-8.04e-05,6.78e-05,-7.31e-06,LT_NAND__Z__south_21.000.qca,ok,0.3
LT NAND,Z,displacement,south,21.1,21.1,0.379563,-0.533528,0.000744,-8.02e-05,6.76e-05,-7.29e-06,LT_NAND__Z__south_21.100.qca,ok,0.3
LT NAND,Z,displacement,south,21.2,21.2,0.373936,-0.528876,0.000742,-8e-05,6.74e-05,-7.28e-06,LT_NAND__Z__south_21.200.qca,ok,0.3
LT NAND,Z,displacement,south,21.3,21.3,0.368361,-0.524213,0.00074,-7.99e-05,6.73e-05,-7.26e-06,LT_NAND__Z__south_21.300.qca,ok,0.3
LT NAND,Z,displacement,south,21.4,21.4,0.36284,-0.519541,0.000739,-7.97e-05,6.71e-05,-7.25e-06,LT_NAND__Z__south_21.400.qca,ok,0.3
LT NAND,Z,displacement,south,21.5,21.5,0.357373,-0.514861,0.000737,-7.95e-05,6.7e-05,-7.23e-06,LT_NAND__Z__south_21.500.qca,ok,0.3
LT NAND,Z,displacement,south,21.6,21.6,0.351963,-0.510174,0.000735,-7.94e-05,6.68e-05,-7.22e-06,LT_NAND__Z__south_21.600.qca,ok,0.3
LT NAND,Z,displacement,south,21.7,21.7,0.346609,-0.505482,0.000734,-7.92e-05,6.67e-05,-7.2e-06,LT_NAND__Z__south_21.700.qca,ok,0.3
LT NAND,Z,displacement,south,21.8,21.8,0.341315,-0.500786,0.000732,-7.9e-05,6.65e-05,-7.19e-06,LT_NAND__Z__south_21.800.qca,ok,0.3
LT NAND,Z,displacement,south,21.9,21.9,0.336079,-0.496088,0.00073,-7.89e-05,6.64e-05,-7.17e-06,LT_NAND__Z__south_21.900.qca,ok,0.3
LT NAND,Z,displacement,south,22,22,0.330904,-0.491388,0.000729,-7.87e-05,6.62e-05,-7.16e-06,LT_NAND__Z__south_22.000.qca,ok,0.3
LT NAND,Z,displacement,south,22.1,22.1,0.325789,-0.486689,0.000727,-7.86e-05,6.61e-05,-7.14e-06,LT_NAND__Z__south_22.100.qca,ok,0.3
LT NAND,Z,displacement,south,22.2,22.2,0.320735,-0.48199,0.000726,-7.84e-05,6.6e-05,-7.13e-06,LT_NAND__Z__south_22.200.qca,ok,0.3
LT NAND,Z,displacement,south,22.3,22.3,0.315743,-0.477294,0.000724,-7.83e-05,6.58e-05,-7.11e-06,LT_NAND__Z__south_22.300.qca,ok,0.3
LT NAND,Z,displacement,south,22.4,22.4,0.310812,-0.472602,0.000723,-7.81e-05,6.57e-05,-7.1e-06,LT_NAND__Z__south_22.400.qca,ok,0.3
LT NAND,Z,displacement,south,22.5,22.5,0.305943,-0.467914,0.000721,-7.8e-05,6.56e-05,-7.09e-06,LT_NAND__Z__south_22.500.qca,ok,0.3
LT NAND,Z,displacement,south,22.6,22.6,0.301136,-0.463232,0.00072,-7.78e-05,6.54e-05,-7.07e-06,LT_NAND__Z__south_22.600.qca,ok,0.3
LT NAND,Z,displacement,south,22.7,22.7,0.296391,-0.458557,0.000718,-7.77e-05,6.53e-05,-7.06e-06,LT_NAND__Z__south_22.700.qca,ok,0.3
LT NAND,Z,displacement,south,22.8,22.8,0.291707,-0.453891,0.000717,-7.75e-05,6.52e-05,-7.05e-06,LT_NAND__Z__south_22.800.qca,ok,0.3
LT NAND,Z,displacement,south,22.9,22.9,0.287084,-0.449233,0.000716,-7.74e-05,6.5e-05,-7.04e-06,LT_NAND__Z__south_22.900.qca,ok,0.3
LT NAND,Z,displacement,south,23,23,0.282522,-0.444586,0.000714,-7.73e-05,6.49e-05,-7.02e-06,LT_NAND__Z__south_23.000.qca,ok,0.3
LT NAND,Z,displacement,south,23.1,23.1,0.278021,-0.43995,0.000713,-7.71e-05,6.48e-05,-7.01e-06,LT_NAND__Z__south_23.100.qca,ok,0.3
LT NAND,Z,displacement,south,23.2,23.2,0.27358,-0.435325,0.000712,-7.7e-05,6.47e-05,-7e-06,LT_NAND__Z__south_23.200.qca,ok,0.3
LT NAND,Z,displacement,south,23.3,23.3,0.269198,-0.430715,0.00071,-7.69e-05,6.46e-05,-6.99e-06,LT_NAND__Z__south_23.300.qca,ok,0.3
LT NAND,Z,displacement,south,23.4,23.4,0.264876,-0.426118,0.000709,-7.67e-05,6.45e-05,-6.97e-06,LT_NAND__Z__south_23.400.qca,ok,0.3
LT NAND,Z,displacement,south,23.5,23.5,0.260612,-0.421535,0.000708,-7.66e-05,6.43e-05,-6.96e-06,LT_NAND__Z__south_23.500.qca,ok,0.3
LT NAND,Z,displacement,south,23.6,23.6,0.256406,-0.416969,0.000707,-7.65e-05,6.42e-05,-6.95e-06,LT_NAND__Z__south_23.600.qca,ok,0.3
LT NAND,Z,displacement,south,23.7,23.7,0.252257,-0.412419,0.000705,-7.64e-05,6.41e-05,-6.94e-06,LT_NAND__Z__south_23.700.qca,ok,0.3
LT NAND,Z,displacement,south,23.8,23.8,0.248164,-0.407886,0.000704,-7.62e-05,6.4e-05,-6.93e-06,LT_NAND__Z__south_23.800.qca,ok,0.3
LT NAND,Z,displacement,south,23.9,23.9,0.244128,-0.403372,0.000703,-7.61e-05,6.39e-05,-6.92e-06,LT_NAND__Z__south_23.900.qca,ok,0.3
LT NAND,Z,displacement,south,24,24,0.240146,-0.398876,0.000702,-7.6e-05,6.38e-05,-6.91e-06,LT_NAND__Z__south_24.000.qca,ok,0.3
LT NAND,Z,displacement,south,24.1,24.1,0.236218,-0.3944,0.000701,-7.59e-05,6.37e-05,-6.9e-06,LT_NAND__Z__south_24.100.qca,ok,0.3
LT NAND,Z,displacement,south,24.2,24.2,0.232344,-0.389944,0.0007,-7.58e-05,6.36e-05,-6.89e-06,LT_NAND__Z__south_24.200.qca,ok,0.3
LT NAND,Z,displacement,south,24.3,24.3,0.228523,-0.385509,0.000699,-7.57e-05,6.35e-05,-6.88e-06,LT_NAND__Z__south_24.300.qca,ok,0.3
LT NAND,Z,displacement,south,24.4,24.4,0.224754,-0.381095,0.000698,-7.56e-05,6.34e-05,-6.87e-06,LT_NAND__Z__south_24.400.qca,ok,0.3
LT NAND,Z,displacement,south,24.5,24.5,0.221035,-0.376703,0.000697,-7.55e-05,6.33e-05,-6.86e-06,LT_NAND__Z__south_24.500.qca,ok,0.3
LT NAND,Z,displacement,south,24.6,24.6,0.217367,-0.372334,0.000696,-7.54e-05,6.32e-05,-6.85e-06,LT_NAND__Z__south_24.600.qca,ok,0.3
LT NAND,Z,displacement,south,24.7,24.7,0.213749,-0.367988,0.000695,-7.53e-05,6.32e-05,-6.84e-06,LT_NAND__Z__south_24.700.qca,ok,0.3
LT NAND,Z,displacement,south,24.8,24.8,0.210179,-0.363666,0.000694,-7.52e-05,6.31e-05,-6.83e-06,LT_NAND__Z__south_24.800.qca,ok,0.3
LT NAND,Z,displacement,south,24.9,24.9,0.206656,-0.359367,0.000693,-7.51e-05,6.3e-05,-6.82e-06,LT_NAND__Z__south_24.900.qca,ok,0.3
LT NAND,Z,displacement,south,25,25,0.203181,-0.355094,0.000692,-7.5e-05,6.29e-05,-6.81e-06,LT_NAND__Z__south_25.000.qca,ok,0.3
LT NAND,Z,displacement,south,25.1,25.1,0.199753,-0.350845,0.000691,-7.49e-05,6.28e-05,-6.81e-06,LT_NAND__Z__south_25.100.qca,ok,0.3
LT NAND,Z,displacement,south,25.2,25.2,0.196369,-0.346622,0.00069,-7.48e-05,6.27e-05,-6.8e-06,LT_NAND__Z__south_25.200.qca,ok,0.3
LT NAND,Z,displacement,south,25.3,25.3,0.193031,-0.342425,0.000689,-7.47e-05,6.27e-05,-6.79e-06,LT_NAND__Z__south_25.300.qca,ok,0.3
LT NAND,Z,displacement,south,25.4,25.4,0.189736,-0.338254,0.000688,-7.46e-05,6.26e-05,-6.78e-06,LT_NAND__Z__south_25.400.qca,ok,0.3
LT NAND,Z,displacement,south,25.5,25.5,0.186484,-0.334109,0.000688,-7.45e-05,6.25e-05,-6.77e-06,LT_NAND__Z__south_25.500.qca,ok,0.3
LT NAND,Z,displacement,south,25.6,25.6,0.183275,-0.329992,0.000687,-7.44e-05,6.24e-05,-6.77e-06,LT_NAND__Z__south_25.600.qca,ok,0.3
LT NAND,Z,displacement,south,25.7,25.7,0.180108,-0.325901,0.000686,-7.43e-05,6.24e-05,-6.76e-06,LT_NAND__Z__south_25.700.qca,ok,0.3
LT NAND,Z,displacement,south,25.8,25.8,0.176981,-0.321839,0.000685,-7.43e-05,6.23e-05,-6.75e-06,LT_NAND__Z__south_25.800.qca,ok,0.3
LT NAND,Z,displacement,south,25.9,25.9,0.173895,-0.317804,0.000684,-7.42e-05,6.22e-05,-6.74e-06,LT_NAND__Z__south_25.900.qca,ok,0.3
LT NAND,Z,displacement,south,26,26,0.170848,-0.313796,0.000684,-7.41e-05,6.21e-05,-6.74e-06,LT_NAND__Z__south_26.000.qca,ok,0.3
LT NAND,Z,displacement,south,26.1,26.1,0.16784,-0.309818,0.000683,-7.4e-05,6.21e-05,-6.73e-06,LT_NAND__Z__south_26.100.qca,ok,0.3
LT NAND,Z,displacement,south,26.2,26.2,0.164871,-0.305867,0.000682,-7.4e-05,6.2e-05,-6.72e-06,LT_NAND__Z__south_26.200.qca,ok,0.3
LT NAND,Z,displacement,south,26.3,26.3,0.161938,-0.301946,0.000681,-7.39e-05,6.2e-05,-6.72e-06,LT_NAND__Z__south_26.300.qca,ok,0.3
LT NAND,Z,displacement,south,26.4,26.4,0.159043,-0.298053,0.000681,-7.38e-05,6.19e-05,-6.71e-06,LT_NAND__Z__south_26.400.qca,ok,0.3
LT NAND,Z,displacement,south,26.5,26.5,0.156184,-0.294189,0.00068,-7.37e-05,6.18e-05,-6.7e-06,LT_NAND__Z__south_26.500.qca,ok,0.3
LT NAND,Z,displacement,south,26.6,26.6,0.15336,-0.290354,0.000679,-7.37e-05,6.18e-05,-6.7e-06,LT_NAND__Z__south_26.600.qca,ok,0.3
LT NAND,Z,displacement,south,26.7,26.7,0.150571,-0.286548,0.000679,-7.36e-05,6.17e-05,-6.69e-06,LT_NAND__Z__south_26.700.qca,ok,0.3
LT NAND,Z,displacement,south,26.8,26.8,0.147817,-0.282772,0.000678,-7.35e-05,6.17e-05,-6.69e-06,LT_NAND__Z__south_26.800.qca,ok,0.3
LT NAND,Z,displacement,south,26.9,26.9,0.145097,-0.279025,0.000678,-7.35e-05,6.16e-05,-6.68e-06,LT_NAND__Z__south_26.900.qca,ok,0.3
LT NAND,Z,displacement,south,27,27,0.14241,-0.275308,0.000677,-7.34e-05,6.15e-05,-6.67e-06,LT_NAND__Z__south_27.000.qca,ok,0.3
LT NAND,Z,displacement,south,27.1,27.1,0.139755,-0.271621,0.000676,-7.34e-05,6.15e-05,-6.67e-06,LT_NAND__Z__south_27.100.qca,ok,0.3
LT NAND,Z,displacement,south,27.2,27.2,0.137133,-0.267963,0.000676,-7.33e-05,6.14e-05,-6.66e-06,LT_NAND__Z__south_27.200.qca,ok,0.3
LT NAND,Z,displacement,south,27.3,27.3,0.134542,-0.264335,0.000675,-7.32e-05,6.14e-05,-6.66e-06,LT_NAND__Z__south_27.300.qca,ok,0.3
LT NAND,Z,displacement,south,27.4,27.4,0.131983,-0.260736,0.000675,-7.32e-05,6.13e-05,-6.65e-06,LT_NAND__Z__south_27.400.qca,ok,0.3
LT NAND,Z,displacement,south,27.5,27.5,0.129454,-0.257168,0.000674,-7.31e-05,6.13e-05,-6.65e-06,LT_NAND__Z__south_27.500.qca,ok,0.3
LT NAND,Z,displacement,south,27.6,27.6,0.126955,-0.253629,0.000674,-7.31e-05,6.12e-05,-6.64e-06,LT_NAND__Z__south_27.600.qca,ok,0.3
LT NAND,Z,displacement,south,27.7,27.7,0.124486,-0.25012,0.000673,-7.3e-05,6.12e-05,-6.64e-06,LT_NAND__Z__south_27.700.qca,ok,0.3
LT NAND,Z,displacement,south,27.8,27.8,0.122046,-0.246641,0.000673,-7.3e-05,6.11e-05,-6.63e-06,LT_NAND__Z__south_27.800.qca,ok,0.3
LT NAND,Z,displacement,south,27.9,27.9,0.119635,-0.243192,0.000672,-7.29e-05,6.11e-05,-6.63e-06,LT_NAND__Z__south_27.900.qca,ok,0.3
LT NAND,Z,displacement,south,28,28,0.117253,-0.239773,0.000672,-7.29e-05,6.11e-05,-6.62e-06,LT_NAND__Z__south_28.000.qca,ok,0.3
LT NAND,Z,displacement,south,28.1,28.1,0.114898,-0.236383,0.000671,-7.28e-05,6.1e-05,-6.62e-06,LT_NAND__Z__south_28.100.qca,ok,0.3
LT NAND,Z,displacement,south,28.2,28.2,0.112571,-0.233023,0.000671,-7.28e-05,6.1e-05,-6.61e-06,LT_NAND__Z__south_28.200.qca,ok,0.3
LT NAND,Z,displacement,south,28.3,28.3,0.110271,-0.229693,0.00067,-7.27e-05,6.09e-05,-6.61e-06,LT_NAND__Z__south_28.300.qca,ok,0.3
LT NAND,Z,displacement,south,28.4,28.4,0.107997,-0.226392,0.00067,-7.27e-05,6.09e-05,-6.61e-06,LT_NAND__Z__south_28.400.qca,ok,0.3
LT NAND,Z,displacement,south,28.5,28.5,0.10575,-0.223121,0.000669,-7.26e-05,6.08e-05,-6.6e-06,LT_NAND__Z__south_28.500.qca,ok,0.3
LT NAND,Z,displacement,south,28.6,28.6,0.103529,-0.21988,0.000669,-7.26e-05,6.08e-05,-6.6e-06,LT_NAND__Z__south_28.600.qca,ok,0.3
LT NAND,Z,displacement,south,28.7,28.7,0.101334,-0.216668,0.000668,-7.25e-05,6.08e-05,-6.59e-06,LT_NAND__Z__south_28.700.qca,ok,0.3
LT NAND,Z,displacement,south,28.8,28.8,0.099164,-0.213485,0.000668,-7.25e-05,6.07e-05,-6.59e-06,LT_NAND__Z__south_28.800.qca,ok,0.3
LT NAND,Z,displacement,south,28.9,28.9,0.097019,-0.210332,0.000668,-7.24e-05,6.07e-05,-6.59e-06,LT_NAND__Z__south_28.900.qca,ok,0.3
LT NAND,Z,displacement,south,29,29,0.094898,-0.207207,0.000667,-7.24e-05,6.07e-05,-6.58e-06,LT_NAND__Z__south_29.000.qca,ok,0.3
LT NAND,Z,displacement,south,29.1,29.1,0.092802,-0.204112,0.000667,-7.24e-05,6.06e-05,-6.58e-06,LT_NAND__Z__south_29.100.qca,ok,0.3
LT NAND,Z,displacement,south,29.2,29.2,0.090729,-0.201046,0.000667,-7.23e-05,6.06e-05,-6.58e-06,LT_NAND__Z__south_29.200.qca,ok,0.3
LT NAND,Z,displacement,south,29.3,29.3,0.088681,-0.198009,0.000666,-7.23e-05,6.06e-05,-6.57e-06,LT_NAND__Z__south_29.300.qca,ok,0.3
LT NAND,Z,displacement,south,29.4,29.4,0.086655,-0.195,0.000666,-7.23e-05,6.05e-05,-6.57e-06,LT_NAND__Z__south_29.400.qca,ok,0.3
LT NAND,Z,displacement,south,29.5,29.5,0.084653,-0.192021,0.000666,-7.22e-05,6.05e-05,-6.57e-06,LT_NAND__Z__south_29.500.qca,ok,0.3
LT NAND,Z,displacement,south,29.6,29.6,0.082674,-0.189069,0.000665,-7.22e-05,6.05e-05,-6.56e-06,LT_NAND__Z__south_29.600.qca,ok,0.3
LT NAND,Z,displacement,south,29.7,29.7,0.080717,-0.186146,0.000665,-7.22e-05,6.04e-05,-6.56e-06,LT_NAND__Z__south_29.700.qca,ok,0.3
LT NAND,Z,displacement,south,29.8,29.8,0.078782,-0.183252,0.000665,-7.21e-05,6.04e-05,-6.56e-06,LT_NAND__Z__south_29.800.qca,ok,0.3
LT NAND,Z,displacement,south,29.9,29.9,0.07687,-0.180386,0.000664,-7.21e-05,6.04e-05,-6.55e-06,LT_NAND__Z__south_29.900.qca,ok,0.3
LT NAND,Z,displacement,south,30,30,0.074979,-0.177547,0.000664,-7.21e-05,6.04e-05,-6.55e-06,LT_NAND__Z__south_30.000.qca,ok,0.3
LT NAND,Z,displacement,east,0.1,0.1,0.95173,-0.945468,0.000743,-7.06e-05,6.75e-05,-6.42e-06,LT_NAND__Z__east_0.100.qca,ok,0.3
LT NAND,Z,displacement,east,0.2,0.2,0.949399,-0.942655,0.000747,-7.13e-05,6.79e-05,-6.48e-06,LT_NAND__Z__east_0.200.qca,ok,0.3
LT NAND,Z,displacement,east,0.3,0.3,0.946977,-0.939715,0.000752,-7.21e-05,6.84e-05,-6.56e-06,LT_NAND__Z__east_0.300.qca,ok,0.3
LT NAND,Z,displacement,east,0.4,0.4,0.94446,-0.936644,0.000757,-7.3e-05,6.88e-05,-6.63e-06,LT_NAND__Z__east_0.400.qca,ok,0.3
LT NAND,Z,displacement,east,0.5,0.5,0.941847,-0.933437,0.000763,-7.39e-05,6.94e-05,-6.72e-06,LT_NAND__Z__east_0.500.qca,ok,0.3
LT NAND,Z,displacement,east,0.6,0.6,0.939135,-0.930089,0.000769,-7.48e-05,6.99e-05,-6.8e-06,LT_NAND__Z__east_0.600.qca,ok,0.3
LT NAND,Z,displacement,east,0.7,0.7,0.936322,-0.926595,0.000776,-7.58e-05,7.05e-05,-6.89e-06,LT_NAND__Z__east_0.700.qca,ok,0.3
LT NAND,Z,displacement,east,0.8,0.8,0.933406,-0.922951,0.000783,-7.68e-05,7.12e-05,-6.98e-06,LT_NAND__Z__east_0.800.qca,ok,0.3
LT NAND,Z,displacement,east,0.9,0.9,0.930384,-0.919152,0.00079,-7.79e-05,7.18e-05,-7.08e-06,LT_NAND__Z__east_0.900.qca,ok,0.3
LT NAND,Z,displacement,east,1,1,0.927255,-0.915192,0.000798,-7.9e-05,7.26e-05,-7.18e-06,LT_NAND__Z__east_1.000.qca,ok,0.3
LT NAND,Z,displacement,east,1.1,1.1,0.924017,-0.911067,0.000806,-8.01e-05,7.33e-05,-7.28e-06,LT_NAND__Z__east_1.100.qca,ok,0.3
LT NAND,Z,displacement,east,1.2,1.2,0.920667,-0.906771,0.000815,-8.13e-05,7.41e-05,-7.39e-06,LT_NAND__Z__east_1.200.qca,ok,0.3
LT NAND,Z,displacement,east,1.3,1.3,0.917205,-0.9023,0.000824,-8.25e-05,7.49e-05,-7.5e-06,LT_NAND__Z__east_1.300.qca,ok,0.3
LT NAND,Z,displacement,east,1.4,1.4,0.913628,-0.897649,0.000834,-8.38e-05,7.58e-05,-7.62e-06,LT_NAND__Z__east_1.400.qca,ok,0.3
LT NAND,Z,displacement,east,1.5,1.5,0.909934,-0.892812,0.000845,-8.52e-05,7.68e-05,-7.75e-06,LT_NAND__Z__east_1.500.qca,ok,0.3
LT NAND,Z,displacement,east,1.6,1.6,0.906123,-0.887785,0.000856,-8.67e-05,7.78e-05,-7.88e-06,LT_NAND__Z__east_1.600.qca,ok,0.3
LT NAND,Z,displacement,east,1.7,1.7,0.902193,-0.882562,0.00087,-8.84e-05,7.91e-05,-8.04e-06,LT_NAND__Z__east_1.700.qca,ok,0.3
LT NAND,Z,displacement,east,1.8,1.8,0.898142,-0.87714,0.000887,-9.05e-05,8.07e-05,-8.22e-06,LT_NAND__Z__east_1.800.qca,ok,0.3
LT NAND,Z,displacement,east,1.9,1.9,0.893971,-0.871512,0.0009,-9.2e-05,8.18e-05,-8.36e-06,LT_NAND__Z__east_1.900.qca,ok,0.3
LT NAND,Z,displacement,east,2,2,0.889677,-0.865674,0.000903,-9.25e-05,8.21e-05,-8.41e-06,LT_NAND__Z__east_2.000.qca,ok,0.3
LT NAND,Z,displacement,east,2.1,2.1,0.885261,-0.859623,0.000902,-9.26e-05,8.2e-05,-8.42e-06,LT_NAND__Z__east_2.100.qca,ok,0.3
LT NAND,Z,displacement,east,2.2,2.2,0.880722,-0.853354,0.000901,-9.26e-05,8.19e-05,-8.42e-06,LT_NAND__Z__east_2.200.qca,ok,0.3
LT NAND,Z,displacement,east,2.3,2.3,0.876059,-0.846862,0.000899,-9.26e-05,8.17e-05,-8.41e-06,LT_NAND__Z__east_2.300.qca,ok,0.3
LT NAND,Z,displacement,east,2.4,2.4,0.871272,-0.840144,0.000897,-9.25e-05,8.15e-05,-8.41e-06,LT_NAND__Z__east_2.400.qca,ok,0.3
LT NAND,Z,displacement,east,2.5,2.5,0.866362,-0.833197,0.000894,-9.24e-05,8.13e-05,-8.4e-06,LT_NAND__Z__east_2.500.qca,ok,0.3
LT NAND,Z,displacement,east,2.6,2.6,0.861329,-0.826018,0.000891,-9.22e-05,8.1e-05,-8.38e-06,LT_NAND__Z__east_2.600.qca,ok,0.3
LT NAND,Z,displacement,east,2.7,2.7,0.856172,-0.818603,0.000889,-9.21e-05,8.08e-05,-8.37e-06,LT_NAND__Z__east_2.700.qca,ok,0.3
LT NAND,Z,displacement,east,2.8,2.8,0.850894,-0.810951,0.000886,-9.19e-05,8.05e-05,-8.36e-06,LT_NAND__Z__east_2.800.qca,ok,0.3
LT NAND,Z,displacement,east,2.9,2.9,0.845494,-0.803059,0.000883,-9.17e-05,8.03e-05,-8.34e-06,LT_NAND__Z__east_2.900.qca,ok,0.3
LT NAND,Z,displacement,east,3,3,0.839974,-0.794928,0.00088,-9.16e-05,8e-05,-8.32e-06,LT_NAND__Z__east_3.000.qca,ok,0.3
LT NAND,Z,displacement,east,3.1,3.1,0.834336,-0.786555,0.000877,-9.14e-05,7.97e-05,-8.31e-06,LT_NAND__Z__east_3.100.qca,ok,0.3
LT NAND,Z,displacement,east,3.2,3.2,0.828581,-0.777942,0.000874,-9.12e-05,7.94e-05,-8.29e-06,LT_NAND__Z__east_3.200.qca,ok,0.3
LT NAND,Z,displacement,east,3.3,3.3,0.82271,-0.769089,0.000871,-9.1e-05,7.92e-05,-8.27e-06,LT_NAND__Z__east_3.300.qca,ok,0.3
LT NAND,Z,displacement,east,3.4,3.4,0.816726,-0.759998,0.000868,-9.08e-05,7.89e-05,-8.25e-06,LT_NAND__Z__east_3.400.qca,ok,0.3
LT NAND,Z,displacement,east,3.5,3.5,0.810632,-0.750671,0.000864,-9.05e-05,7.86e-05,-8.23e-06,LT_NAND__Z__east_3.500.qca,ok,0.3
LT NAND,Z,displacement,east,3.6,3.6,0.804429,-0.741112,0.000861,-9.03e-05,7.83e-05,-8.21e-06,LT_NAND__Z__east_3.600.qca,ok,0.3
LT NAND,Z,displacement,east,3.7,3.7,0.798121,-0.731325,0.000858,-9.01e-05,7.8e-05,-8.19e-06,LT_NAND__Z__east_3.700.qca,ok,0.3
LT NAND,Z,displacement,east,3.8,3.8,0.79171,-0.721316,0.000855,-8.99e-05,7.77e-05,-8.17e-06,LT_NAND__Z__east_3.800.qca,ok,0.3
LT NAND,Z,displacement,east,3.9,3.9,0.7852,-0.711092,0.000851,-8.96e-05,7.74e-05,-8.15e-06,LT_NAND__Z__east_3.900.qca,ok,0.3
LT NAND,Z,displacement,east,4,4,0.778594,-0.70066,0.000848,-8.94e-05,7.71e-05,-8.12e-06,LT_NAND__Z__east_4.000.qca,ok,0.3
LT NAND,Z,displacement,east,4.1,4.1,0.771896,-0.69003,0.000845,-8.91e-05,7.68e-05,-8.1e-06,LT_NAND__Z__east_4.100.qca,ok,0.3
LT NAND,Z,displacement,east,4.2,4.2,0.765109,-0.679211,0.000841,-8.88e-05,7.65e-05,-8.08e-06,LT_NAND__Z__east_4.200.qca,ok,0.3
LT NAND,Z,displacement,east,4.3,4.3,0.758238,-0.668215,0.000838,-8.86e-05,7.62e-05,-8.05e-06,LT_NAND__Z__east_4.300.qca,ok,0.3
LT NAND,Z,displacement,east,4.4,4.4,0.751286,-0.657056,0.000835,-8.83e-05,7.59e-05,-8.02e-06,LT_NAND__Z__east_4.400.qca,ok,0.3
LT NAND,Z,displacement,east,4.5,4.5,0.744258,-0.645746,0.000831,-8.8e-05,7.55e-05,-8e-06,LT_NAND__Z__east_4.500.qca,ok,0.3
LT NAND,Z,displacement,east,4.6,4.6,0.737158,-0.634301,0.000827,-8.77e-05,7.52e-05,-7.97e-06,LT_NAND__Z__east_4.600.qca,ok,0.3
LT NAND,Z,displacement,east,4.7,4.7,0.729991,-0.622738,0.000824,-8.74e-05,7.49e-05,-7.94e-06,LT_NAND__Z__east_4.700.qca,ok,0.3
LT NAND,Z,displacement,east,4.8,4.8,0.722762,-0.611073,0.00082,-8.71e-05,7.46e-05,-7.91e-06,LT_NAND__Z__east_4.800.qca,ok,0.3
LT NAND,Z,displacement,east,4.9,4.9,0.715474,-0.599325,0.000816,-8.67e-05,7.42e-05,-7.89e-06,LT_NAND__Z__east_4.900.qca,ok,0.3
LT NAND,Z,displacement,east,5,5,0.708133,-0.587514,0.000813,-8.64e-05,7.39e-05,-7.86e-06,LT_NAND__Z__east_5.000.qca,ok,0.3
LT NAND,Z,displacement,east,5.1,5.1,0.700745,-0.575659,0.000809,-8.61e-05,7.35e-05,-7.83e-06,LT_NAND__Z__east_5.100.qca,ok,0.3
LT NAND,Z,displacement,east,5.2,5.2,0.693313,-0.56378,0.000805,-8.57e-05,7.32e-05,-7.79e-06,LT_NAND__Z__east_5.200.qca,ok,0.3
LT NAND,Z,displacement,east,5.3,5.3,0.685842,-0.551898,0.000801,-8.54e-05,7.29e-05,-7.76e-06,LT_NAND__Z__east_5.300.qca,ok,0.3
LT NAND,Z,displacement,east,5.4,5.4,0.678339,-0.540035,0.000798,-8.5e-05,7.25e-05,-7.73e-06,LT_NAND__Z__east_5.400.qca,ok,0.3
LT NAND,Z,displacement,east,5.5,5.5,0.670806,-0.52821,0.000794,-8.47e-05,7.22e-05,-7.7e-06,LT_NAND__Z__east_5.500.qca,ok,0.3
LT NAND,Z,displacement,east,5.6,5.6,0.663251,-0.516445,0.00079,-8.43e-05,7.18e-05,-7.67e-06,LT_NAND__Z__east_5.600.qca,ok,0.3
LT NAND,Z,displacement,east,5.7,5.7,0.655677,-0.504759,0.000786,-8.4e-05,7.15e-05,-7.64e-06,LT_NAND__Z__east_5.700.qca,ok,0.3
LT NAND,Z,displacement,east,5.8,5.8,0.648089,-0.493172,0.000782,-8.36e-05,7.11e-05,-7.6e-06,LT_NAND__Z__east_5.800.qca,ok,0.3
LT NAND,Z,displacement,east,5.9,5.9,0.640493,-0.481702,0.000779,-8.33e-05,7.08e-05,-7.57e-06,LT_NAND__Z__east_5.900.qca,ok,0.3
LT NAND,Z,displacement,east,6,6,0.632892,-0.470366,0.000775,-8.29e-05,7.04e-05,-7.54e-06,LT_NAND__Z__east_6.000.qca,ok,0.3
LT NAND,Z,displacement,east,6.1,6.1,0.625292,-0.459181,0.000771,-8.26e-05,7.01e-05,-7.51e-06,LT_NAND__Z__east_6.100.qca,ok,0.3
LT NAND,Z,displacement,east,6.2,6.2,0.617696,-0.448162,0.000768,-8.22e-05,6.98e-05,-7.47e-06,LT_NAND__Z__east_6.200.qca,ok,0.3
LT NAND,Z,displacement,east,6.3,6.3,0.610111,-0.437322,0.000764,-8.19e-05,6.95e-05,-7.44e-06,LT_NAND__Z__east_6.300.qca,ok,0.3
LT NAND,Z,displacement,east,6.4,6.4,0.602539,-0.426673,0.00076,-8.15e-05,6.91e-05,-7.41e-06,LT_NAND__Z__east_6.400.qca,ok,0.3
LT NAND,Z,displacement,east,6.5,6.5,0.594985,-0.416226,0.000757,-8.12e-05,6.88e-05,-7.38e-06,LT_NAND__Z__east_6.500.qca,ok,0.3
LT NAND,Z,displacement,east,6.6,6.6,0.587454,-0.405988,0.000754,-8.09e-05,6.85e-05,-7.35e-06,LT_NAND__Z__east_6.600.qca,ok,0.3
LT NAND,Z,displacement,east,6.7,6.7,0.579948,-0.395969,0.00075,-8.05e-05,6.82e-05,-7.32e-06,LT_NAND__Z__east_6.700.qca,ok,0.3
LT NAND,Z,displacement,east,6.8,6.8,0.572472,-0.386173,0.000747,-8.02e-05,6.79e-05,-7.29e-06,LT_NAND__Z__east_6.800.qca,ok,0.4
LT NAND,Z,displacement,east,6.9,6.9,0.56503,-0.376605,0.000744,-7.99e-05,6.76e-05,-7.26e-06,LT_NAND__Z__east_6.900.qca,ok,0.3
LT NAND,Z,displacement,east,7,7,0.557624,-0.367269,0.000741,-7.96e-05,6.73e-05,-7.24e-06,LT_NAND__Z__east_7.000.qca,ok,0.3
LT NAND,Z,displacement,east,7.1,7.1,0.550259,-0.358165,0.000738,-7.93e-05,6.71e-05,-7.21e-06,LT_NAND__Z__east_7.100.qca,ok,0.3
LT NAND,Z,displacement,east,7.2,7.2,0.542937,-0.349296,0.000735,-7.9e-05,6.68e-05,-7.18e-06,LT_NAND__Z__east_7.200.qca,ok,0.3
LT NAND,Z,displacement,east,7.3,7.3,0.535661,-0.34066,0.000732,-7.87e-05,6.65e-05,-7.16e-06,LT_NAND__Z__east_7.300.qca,ok,0.3
LT NAND,Z,displacement,east,7.4,7.4,0.528435,-0.332257,0.000729,-7.85e-05,6.63e-05,-7.13e-06,LT_NAND__Z__east_7.400.qca,ok,0.3
LT NAND,Z,displacement,east,7.5,7.5,0.521261,-0.324084,0.000726,-7.82e-05,6.6e-05,-7.11e-06,LT_NAND__Z__east_7.500.qca,ok,0.3
LT NAND,Z,displacement,east,7.6,7.6,0.514141,-0.316138,0.000724,-7.79e-05,6.58e-05,-7.09e-06,LT_NAND__Z__east_7.600.qca,ok,0.3
LT NAND,Z,displacement,east,7.7,7.7,0.507078,-0.308417,0.000721,-7.77e-05,6.56e-05,-7.06e-06,LT_NAND__Z__east_7.700.qca,ok,0.3
LT NAND,Z,displacement,east,7.8,7.8,0.500074,-0.300916,0.000719,-7.75e-05,6.54e-05,-7.04e-06,LT_NAND__Z__east_7.800.qca,ok,0.3
LT NAND,Z,displacement,east,7.9,7.9,0.493131,-0.293631,0.000717,-7.72e-05,6.52e-05,-7.02e-06,LT_NAND__Z__east_7.900.qca,ok,0.3
LT NAND,Z,displacement,east,8,8,0.486251,-0.286557,0.000714,-7.7e-05,6.49e-05,-7e-06,LT_NAND__Z__east_8.000.qca,ok,0.3
LT NAND,Z,displacement,east,8.1,8.1,0.479436,-0.279689,0.000712,-7.68e-05,6.48e-05,-6.98e-06,LT_NAND__Z__east_8.100.qca,ok,0.3
LT NAND,Z,displacement,east,8.2,8.2,0.472687,-0.273021,0.00071,-7.66e-05,6.46e-05,-6.96e-06,LT_NAND__Z__east_8.200.qca,ok,0.3
LT NAND,Z,displacement,east,8.3,8.3,0.466006,-0.26655,0.000708,-7.64e-05,6.44e-05,-6.94e-06,LT_NAND__Z__east_8.300.qca,ok,0.3
LT NAND,Z,displacement,east,8.4,8.4,0.459394,-0.260268,0.000706,-7.62e-05,6.42e-05,-6.93e-06,LT_NAND__Z__east_8.400.qca,ok,0.3
LT NAND,Z,displacement,east,8.5,8.5,0.452853,-0.254171,0.000704,-7.6e-05,6.4e-05,-6.91e-06,LT_NAND__Z__east_8.500.qca,ok,0.3
LT NAND,Z,displacement,east,8.6,8.6,0.446383,-0.248252,0.000703,-7.58e-05,6.39e-05,-6.89e-06,LT_NAND__Z__east_8.600.qca,ok,0.3
LT NAND,Z,displacement,east,8.7,8.7,0.439985,-0.242507,0.000701,-7.57e-05,6.37e-05,-6.88e-06,LT_NAND__Z__east_8.700.qca,ok,0.3
LT NAND,Z,displacement,east,8.8,8.8,0.433661,-0.23693,0.000699,-7.55e-05,6.36e-05,-6.86e-06,LT_NAND__Z__east_8.800.qca,ok,0.3
LT NAND,Z,displacement,east,8.9,8.9,0.42741,-0.231515,0.000698,-7.53e-05,6.34e-05,-6.85e-06,LT_NAND__Z__east_8.900.qca,ok,0.3
LT NAND,Z,displacement,east,9,9,0.421234,-0.226258,0.000696,-7.52e-05,6.33e-05,-6.83e-06,LT_NAND__Z__east_9.000.qca,ok,0.3
LT NAND,Z,displacement,east,9.1,9.1,0.415133,-0.221152,0.000695,-7.5e-05,6.31e-05,-6.82e-06,LT_NAND__Z__east_9.100.qca,ok,0.3
LT NAND,Z,displacement,east,9.2,9.2,0.409108,-0.216193,0.000693,-7.49e-05,6.3e-05,-6.81e-06,LT_NAND__Z__east_9.200.qca,ok,0.3
LT NAND,Z,displacement,east,9.3,9.3,0.403158,-0.211376,0.000692,-7.48e-05,6.29e-05,-6.8e-06,LT_NAND__Z__east_9.300.qca,ok,0.3
LT NAND,Z,displacement,east,9.4,9.4,0.397284,-0.206696,0.000691,-7.46e-05,6.28e-05,-6.78e-06,LT_NAND__Z__east_9.400.qca,ok,0.3
LT NAND,Z,displacement,east,9.5,9.5,0.391486,-0.202148,0.000689,-7.45e-05,6.27e-05,-6.77e-06,LT_NAND__Z__east_9.500.qca,ok,0.3
LT NAND,Z,displacement,east,9.6,9.6,0.385765,-0.197727,0.000688,-7.44e-05,6.26e-05,-6.76e-06,LT_NAND__Z__east_9.600.qca,ok,0.3
LT NAND,Z,displacement,east,9.7,9.7,0.38012,-0.19343,0.000687,-7.43e-05,6.24e-05,-6.75e-06,LT_NAND__Z__east_9.700.qca,ok,0.3
LT NAND,Z,displacement,east,9.8,9.8,0.37455,-0.189252,0.000686,-7.42e-05,6.23e-05,-6.74e-06,LT_NAND__Z__east_9.800.qca,ok,0.3
LT NAND,Z,displacement,east,9.9,9.9,0.369057,-0.185189,0.000685,-7.41e-05,6.22e-05,-6.73e-06,LT_NAND__Z__east_9.900.qca,ok,0.3
LT NAND,Z,displacement,east,10,10,0.36364,-0.181237,0.000684,-7.4e-05,6.22e-05,-6.72e-06,LT_NAND__Z__east_10.000.qca,ok,0.3
LT NAND,Z,displacement,east,10.1,10.1,0.358298,-0.177392,0.000683,-7.39e-05,6.21e-05,-6.71e-06,LT_NAND__Z__east_10.100.qca,ok,0.3
LT NAND,Z,displacement,east,10.2,10.2,0.353031,-0.173651,0.000682,-7.38e-05,6.2e-05,-6.71e-06,LT_NAND__Z__east_10.200.qca,ok,0.3
LT NAND,Z,displacement,east,10.3,10.3,0.347838,-0.170009,0.000681,-7.37e-05,6.19e-05,-6.7e-06,LT_NAND__Z__east_10.300.qca,ok,0.3
LT NAND,Z,displacement,east,10.4,10.4,0.342721,-0.166464,0.00068,-7.36e-05,6.18e-05,-6.69e-06,LT_NAND__Z__east_10.400.qca,ok,0.3
LT NAND,Z,displacement,east,10.5,10.5,0.337677,-0.163013,0.000679,-7.35e-05,6.17e-05,-6.68e-06,LT_NAND__Z__east_10.500.qca,ok,0.3
LT NAND,Z,displacement,east,10.6,10.6,0.332706,-0.159651,0.000678,-7.34e-05,6.17e-05,-6.67e-06,LT_NAND__Z__east_10.600.qca,ok,0.3
LT NAND,Z,displacement,east,10.7,10.7,0.327808,-0.156376,0.000678,-7.33e-05,6.16e-05,-6.67e-06,LT_NAND__Z__east_10.700.qca,ok,0.3
LT NAND,Z,displacement,east,10.8,10.8,0.322982,-0.153186,0.000677,-7.33e-05,6.15e-05,-6.66e-06,LT_NAND__Z__east_10.800.qca,ok,0.3
LT NAND,Z,displacement,east,10.9,10.9,0.318228,-0.150077,0.000676,-7.32e-05,6.15e-05,-6.65e-06,LT_NAND__Z__east_10.900.qca,ok,0.3
LT NAND,Z,displacement,east,11,11,0.313545,-0.147047,0.000675,-7.31e-05,6.14e-05,-6.65e-06,LT_NAND__Z__east_11.000.qca,ok,0.3
LT NAND,Z,displacement,east,11.1,11.1,0.308932,-0.144093,0.000675,-7.31e-05,6.13e-05,-6.64e-06,LT_NAND__Z__east_11.100.qca,ok,0.3
LT NAND,Z,displacement,east,11.2,11.2,0.304389,-0.141212,0.000674,-7.3e-05,6.13e-05,-6.64e-06,LT_NAND__Z__east_11.200.qca,ok,0.3
LT NAND,Z,displacement,east,11.3,11.3,0.299914,-0.138403,0.000673,-7.29e-05,6.12e-05,-6.63e-06,LT_NAND__Z__east_11.300.qca,ok,0.3
LT NAND,Z,displacement,east,11.4,11.4,0.295508,-0.135663,0.000673,-7.29e-05,6.12e-05,-6.63e-06,LT_NAND__Z__east_11.400.qca,ok,0.3
LT NAND,Z,displacement,east,11.5,11.5,0.291169,-0.132989,0.000672,-7.28e-05,6.11e-05,-6.62e-06,LT_NAND__Z__east_11.500.qca,ok,0.3
LT NAND,Z,displacement,east,11.6,11.6,0.286897,-0.130381,0.000672,-7.28e-05,6.11e-05,-6.62e-06,LT_NAND__Z__east_11.600.qca,ok,0.3
LT NAND,Z,displacement,east,11.7,11.7,0.28269,-0.127835,0.000671,-7.27e-05,6.1e-05,-6.61e-06,LT_NAND__Z__east_11.700.qca,ok,0.3
LT NAND,Z,displacement,east,11.8,11.8,0.278549,-0.12535,0.000671,-7.27e-05,6.1e-05,-6.61e-06,LT_NAND__Z__east_11.800.qca,ok,0.3
LT NAND,Z,displacement,east,11.9,11.9,0.274471,-0.122924,0.00067,-7.26e-05,6.09e-05,-6.6e-06,LT_NAND__Z__east_11.900.qca,ok,0.3
LT NAND,Z,displacement,east,12,12,0.270458,-0.120554,0.00067,-7.26e-05,6.09e-05,-6.6e-06,LT_NAND__Z__east_12.000.qca,ok,0.3
LT NAND,Z,displacement,east,12.1,12.1,0.266507,-0.118241,0.000669,-7.25e-05,6.08e-05,-6.59e-06,LT_NAND__Z__east_12.100.qca,ok,0.3
LT NAND,Z,displacement,east,12.2,12.2,0.262617,-0.11598,0.000669,-7.25e-05,6.08e-05,-6.59e-06,LT_NAND__Z__east_12.200.qca,ok,0.3
LT NAND,Z,displacement,east,12.3,12.3,0.258789,-0.113772,0.000668,-7.24e-05,6.08e-05,-6.59e-06,LT_NAND__Z__east_12.300.qca,ok,0.3
LT NAND,Z,displacement,east,12.4,12.4,0.255021,-0.111615,0.000668,-7.24e-05,6.07e-05,-6.58e-06,LT_NAND__Z__east_12.400.qca,ok,0.3
LT NAND,Z,displacement,east,12.5,12.5,0.251312,-0.109507,0.000668,-7.24e-05,6.07e-05,-6.58e-06,LT_NAND__Z__east_12.500.qca,ok,0.3
LT NAND,Z,displacement,east,12.6,12.6,0.247662,-0.107446,0.000667,-7.23e-05,6.07e-05,-6.57e-06,LT_NAND__Z__east_12.600.qca,ok,0.3
LT NAND,Z,displacement,east,12.7,12.7,0.244069,-0.105431,0.000667,-7.23e-05,6.06e-05,-6.57e-06,LT_NAND__Z__east_12.700.qca,ok,0.3
LT NAND,Z,displacement,east,12.8,12.8,0.240534,-0.103462,0.000667,-7.23e-05,6.06e-05,-6.57e-06,LT_NAND__Z__east_12.800.qca,ok,0.3
LT NAND,Z,displacement,east,12.9,12.9,0.237054,-0.101536,0.000666,-7.22e-05,6.06e-05,-6.57e-06,LT_NAND__Z__east_12.900.qca,ok,0.3
LT NAND,Z,displacement,east,13,13,0.233629,-0.099653,0.000666,-7.22e-05,6.05e-05,-6.56e-06,LT_NAND__Z__east_13.000.qca,ok,0.3
LT NAND,Z,displacement,east,13.1,13.1,0.230259,-0.097811,0.000666,-7.22e-05,6.05e-05,-6.56e-06,LT_NAND__Z__east_13.100.qca,ok,0.3
LT NAND,Z,displacement,east,13.2,13.2,0.226942,-0.096009,0.000665,-7.21e-05,6.05e-05,-6.56e-06,LT_NAND__Z__east_13.200.qca,ok,0.3
LT NAND,Z,displacement,east,13.3,13.3,0.223679,-0.094246,0.000665,-7.21e-05,6.05e-05,-6.55e-06,LT_NAND__Z__east_13.300.qca,ok,0.3
LT NAND,Z,displacement,east,13.4,13.4,0.220467,-0.092521,0.000665,-7.21e-05,6.04e-05,-6.55e-06,LT_NAND__Z__east_13.400.qca,ok,0.3
LT NAND,Z,displacement,east,13.5,13.5,0.217306,-0.090833,0.000664,-7.2e-05,6.04e-05,-6.55e-06,LT_NAND__Z__east_13.500.qca,ok,0.3
LT NAND,Z,displacement,east,13.6,13.6,0.214196,-0.089181,0.000664,-7.2e-05,6.04e-05,-6.55e-06,LT_NAND__Z__east_13.600.qca,ok,0.3
LT NAND,Z,displacement,east,13.7,13.7,0.211135,-0.087564,0.000664,-7.2e-05,6.04e-05,-6.54e-06,LT_NAND__Z__east_13.700.qca,ok,0.3
LT NAND,Z,displacement,east,13.8,13.8,0.208123,-0.085981,0.000664,-7.2e-05,6.03e-05,-6.54e-06,LT_NAND__Z__east_13.800.qca,ok,0.3
LT NAND,Z,displacement,east,13.9,13.9,0.205159,-0.084431,0.000663,-7.19e-05,6.03e-05,-6.54e-06,LT_NAND__Z__east_13.900.qca,ok,0.3
LT NAND,Z,displacement,east,14,14,0.202242,-0.082914,0.000663,-7.19e-05,6.03e-05,-6.54e-06,LT_NAND__Z__east_14.000.qca,ok,0.3
LT NAND,Z,displacement,east,14.1,14.1,0.199372,-0.081428,0.000663,-7.19e-05,6.03e-05,-6.54e-06,LT_NAND__Z__east_14.100.qca,ok,0.3
LT NAND,Z,displacement,east,14.2,14.2,0.196547,-0.079972,0.000663,-7.19e-05,6.02e-05,-6.53e-06,LT_NAND__Z__east_14.200.qca,ok,0.3
LT NAND,Z,displacement,east,14.3,14.3,0.193768,-0.078547,0.000663,-7.19e-05,6.02e-05,-6.53e-06,LT_NAND__Z__east_14.300.qca,ok,0.3
LT NAND,Z,displacement,east,14.4,14.4,0.191032,-0.077151,0.000662,-7.18e-05,6.02e-05,-6.53e-06,LT_NAND__Z__east_14.400.qca,ok,0.3
LT NAND,Z,displacement,east,14.5,14.5,0.188341,-0.075783,0.000662,-7.18e-05,6.02e-05,-6.53e-06,LT_NAND__Z__east_14.500.qca,ok,0.3
LT NAND,Z,displacement,east,14.6,14.6,0.185692,-0.074443,0.000662,-7.18e-05,6.02e-05,-6.53e-06,LT_NAND__Z__east_14.600.qca,ok,0.3
LT NAND,Z,displacement,east,14.7,14.7,0.183085,-0.073129,0.000662,-7.18e-05,6.02e-05,-6.53e-06,LT_NAND__Z__east_14.700.qca,ok,0.3
LT NAND,Z,displacement,east,14.8,14.8,0.18052,-0.071843,0.000662,-7.18e-05,6.01e-05,-6.52e-06,LT_NAND__Z__east_14.800.qca,ok,0.3
LT NAND,Z,displacement,east,14.9,14.9,0.177995,-0.070582,0.000661,-7.18e-05,6.01e-05,-6.52e-06,LT_NAND__Z__east_14.900.qca,ok,0.3
LT NAND,Z,displacement,east,15,15,0.175511,-0.069345,0.000661,-7.17e-05,6.01e-05,-6.52e-06,LT_NAND__Z__east_15.000.qca,ok,0.3
LT NAND,Z,displacement,east,15.1,15.1,0.173066,-0.068134,0.000661,-7.17e-05,6.01e-05,-6.52e-06,LT_NAND__Z__east_15.100.qca,ok,0.3
LT NAND,Z,displacement,east,15.2,15.2,0.17066,-0.066946,0.000661,-7.17e-05,6.01e-05,-6.52e-06,LT_NAND__Z__east_15.200.qca,ok,0.3
LT NAND,Z,displacement,east,15.3,15.3,0.168291,-0.065782,0.000661,-7.17e-05,6.01e-05,-6.52e-06,LT_NAND__Z__east_15.300.qca,ok,0.3
LT NAND,Z,displacement,east,15.4,15.4,0.165961,-0.06464,0.000661,-7.17e-05,6.01e-05,-6.52e-06,LT_NAND__Z__east_15.400.qca,ok,0.3
LT NAND,Z,displacement,east,15.5,15.5,0.163667,-0.063521,0.000661,-7.17e-05,6e-05,-6.51e-06,LT_NAND__Z__east_15.500.qca,ok,0.3
LT NAND,Z,displacement,east,15.6,15.6,0.161409,-0.062423,0.00066,-7.17e-05,6e-05,-6.51e-06,LT_NAND__Z__east_15.600.qca,ok,0.3
LT NAND,Z,displacement,east,15.7,15.7,0.159187,-0.061347,0.00066,-7.16e-05,6e-05,-6.51e-06,LT_NAND__Z__east_15.700.qca,ok,0.3
LT NAND,Z,displacement,east,15.8,15.8,0.157,-0.060291,0.00066,-7.16e-05,6e-05,-6.51e-06,LT_NAND__Z__east_15.800.qca,ok,0.3
LT NAND,Z,displacement,east,15.9,15.9,0.154848,-0.059255,0.00066,-7.16e-05,6e-05,-6.51e-06,LT_NAND__Z__east_15.900.qca,ok,0.3
LT NAND,Z,displacement,east,16,16,0.152729,-0.05824,0.00066,-7.16e-05,6e-05,-6.51e-06,LT_NAND__Z__east_16.000.qca,ok,0.3
LT NAND,Z,displacement,east,16.1,16.1,0.150643,-0.057243,0.00066,-7.16e-05,6e-05,-6.51e-06,LT_NAND__Z__east_16.100.qca,ok,0.3
LT NAND,Z,displacement,east,16.2,16.2,0.14859,-0.056266,0.00066,-7.16e-05,6e-05,-6.51e-06,LT_NAND__Z__east_16.200.qca,ok,0.3
LT NAND,Z,displacement,east,16.3,16.3,0.14657,-0.055307,0.00066,-7.16e-05,6e-05,-6.51e-06,LT_NAND__Z__east_16.300.qca,ok,0.3
LT NAND,Z,displacement,east,16.4,16.4,0.144581,-0.054366,0.000659,-7.16e-05,6e-05,-6.51e-06,LT_NAND__Z__east_16.400.qca,ok,0.3
LT NAND,Z,displacement,east,16.5,16.5,0.142623,-0.053442,0.000659,-7.16e-05,5.99e-05,-6.5e-06,LT_NAND__Z__east_16.500.qca,ok,0.3
LT NAND,Z,displacement,east,16.6,16.6,0.140695,-0.052536,0.000659,-7.15e-05,5.99e-05,-6.5e-06,LT_NAND__Z__east_16.600.qca,ok,0.3
LT NAND,Z,displacement,east,16.7,16.7,0.138798,-0.051647,0.000659,-7.15e-05,5.99e-05,-6.5e-06,LT_NAND__Z__east_16.700.qca,ok,0.3
LT NAND,Z,displacement,east,16.8,16.8,0.13693,-0.050774,0.000659,-7.15e-05,5.99e-05,-6.5e-06,LT_NAND__Z__east_16.800.qca,ok,0.3
LT NAND,Z,displacement,east,16.9,16.9,0.135091,-0.049918,0.000659,-7.15e-05,5.99e-05,-6.5e-06,LT_NAND__Z__east_16.900.qca,ok,0.3
LT NAND,Z,displacement,east,17,17,0.13328,-0.049077,0.000659,-7.15e-05,5.99e-05,-6.5e-06,LT_NAND__Z__east_17.000.qca,ok,0.3
LT NAND,Z,displacement,east,17.1,17.1,0.131498,-0.048252,0.000659,-7.15e-05,5.99e-05,-6.5e-06,LT_NAND__Z__east_17.100.qca,ok,0.3
LT NAND,Z,displacement,east,17.2,17.2,0.129743,-0.047442,0.000659,-7.15e-05,5.99e-05,-6.5e-06,LT_NAND__Z__east_17.200.qca,ok,0.3
LT NAND,Z,displacement,east,17.3,17.3,0.128015,-0.046646,0.000659,-7.15e-05,5.99e-05,-6.5e-06,LT_NAND__Z__east_17.300.qca,ok,0.3
LT NAND,Z,displacement,east,17.4,17.4,0.126313,-0.045865,0.000659,-7.15e-05,5.99e-05,-6.5e-06,LT_NAND__Z__east_17.400.qca,ok,0.3
LT NAND,Z,displacement,east,17.5,17.5,0.124638,-0.045099,0.000659,-7.15e-05,5.99e-05,-6.5e-06,LT_NAND__Z__east_17.500.qca,ok,0.3
LT NAND,Z,displacement,east,17.6,17.6,0.122989,-0.044346,0.000658,-7.15e-05,5.99e-05,-6.5e-06,LT_NAND__Z__east_17.600.qca,ok,0.3
LT NAND,Z,displacement,east,17.7,17.7,0.121365,-0.043607,0.000658,-7.15e-05,5.99e-05,-6.5e-06,LT_NAND__Z__east_17.700.qca,ok,0.3
LT NAND,Z,displacement,east,17.8,17.8,0.119765,-0.042881,0.000658,-7.14e-05,5.98e-05,-6.5e-06,LT_NAND__Z__east_17.800.qca,ok,0.3
LT NAND,Z,displacement,east,17.9,17.9,0.118191,-0.042168,0.000658,-7.14e-05,5.98e-05,-6.49e-06,LT_NAND__Z__east_17.900.qca,ok,0.3
LT NAND,Z,displacement,east,18,18,0.11664,-0.041468,0.000658,-7.14e-05,5.98e-05,-6.49e-06,LT_NAND__Z__east_18.000.qca,ok,0.3
LT NAND,Z,displacement,east,18.1,18.1,0.115112,-0.040781,0.000658,-7.14e-05,5.98e-05,-6.49e-06,LT_NAND__Z__east_18.100.qca,ok,0.3
LT NAND,Z,displacement,east,18.2,18.2,0.113608,-0.040105,0.000658,-7.14e-05,5.98e-05,-6.49e-06,LT_NAND__Z__east_18.200.qca,ok,0.3
LT NAND,Z,displacement,east,18.3,18.3,0.112127,-0.039442,0.000658,-7.14e-05,5.98e-05,-6.49e-06,LT_NAND__Z__east_18.300.qca,ok,0.3
LT NAND,Z,displacement,east,18.4,18.4,0.110668,-0.03879,0.000658,-7.14e-05,5.98e-05,-6.49e-06,LT_NAND__Z__east_18.400.qca,ok,0.3
LT NAND,Z,displacement,east,18.5,18.5,0.109232,-0.03815,0.000658,-7.14e-05,5.98e-05,-6.49e-06,LT_NAND__Z__east_18.500.qca,ok,0.3
LT NAND,Z,displacement,east,18.6,18.6,0.107816,-0.037522,0.000658,-7.14e-05,5.98e-05,-6.49e-06,LT_NAND__Z__east_18.600.qca,ok,0.3
LT NAND,Z,displacement,east,18.7,18.7,0.106423,-0.036904,0.000658,-7.14e-05,5.98e-05,-6.49e-06,LT_NAND__Z__east_18.700.qca,ok,0.3
LT NAND,Z,displacement,east,18.8,18.8,0.10505,-0.036297,0.000658,-7.14e-05,5.98e-05,-6.49e-06,LT_NAND__Z__east_18.800.qca,ok,0.3
LT NAND,Z,displacement,east,18.9,18.9,0.103698,-0.035701,0.000658,-7.14e-05,5.98e-05,-6.49e-06,LT_NAND__Z__east_18.900.qca,ok,0.3
LT NAND,Z,displacement,east,19,19,0.102366,-0.035115,0.000658,-7.14e-05,5.98e-05,-6.49e-06,LT_NAND__Z__east_19.000.qca,ok,0.3
LT NAND,Z,displacement,east,19.1,19.1,0.101053,-0.034539,0.000658,-7.14e-05,5.98e-05,-6.49e-06,LT_NAND__Z__east_19.100.qca,ok,0.3
LT NAND,Z,displacement,east,19.2,19.2,0.099761,-0.033973,0.000658,-7.14e-05,5.98e-05,-6.49e-06,LT_NAND__Z__east_19.200.qca,ok,0.3
LT NAND,Z,displacement,east,19.3,19.3,0.098488,-0.033418,0.000658,-7.14e-05,5.98e-05,-6.49e-06,LT_NAND__Z__east_19.300.qca,ok,0.3
LT NAND,Z,displacement,east,19.4,19.4,0.097233,-0.032871,0.000658,-7.14e-05,5.98e-05,-6.49e-06,LT_NAND__Z__east_19.400.qca,ok,0.3
LT NAND,Z,displacement,east,19.5,19.5,0.095997,-0.032334,0.000657,-7.14e-05,5.98e-05,-6.49e-06,LT_NAND__Z__east_19.500.qca,ok,0.3
LT NAND,Z,displacement,east,19.6,19.6,0.09478,-0.031807,0.000657,-7.14e-05,5.98e-05,-6.49e-06,LT_NAND__Z__east_19.600.qca,ok,0.3
LT NAND,Z,displacement,east,19.7,19.7,0.09358,-0.031288,0.000657,-7.14e-05,5.98e-05,-6.49e-06,LT_NAND__Z__east_19.700.qca,ok,0.3
LT NAND,Z,displacement,east,19.8,19.8,0.092399,-0.030779,0.000657,-7.14e-05,5.98e-05,-6.49e-06,LT_NAND__Z__east_19.800.qca,ok,0.3
LT NAND,Z,displacement,east,19.9,19.9,0.091234,-0.030278,0.000657,-7.14e-05,5.98e-05,-6.49e-06,LT_NAND__Z__east_19.900.qca,ok,0.3
LT NAND,Z,displacement,east,20,20,0.090087,-0.029785,0.000657,-7.13e-05,5.98e-05,-6.49e-06,LT_NAND__Z__east_20.000.qca,ok,0.3
LT NAND,Z,displacement,east,20.1,20.1,0.088956,-0.029301,0.000657,-7.13e-05,5.98e-05,-6.49e-06,LT_NAND__Z__east_20.100.qca,ok,0.3
LT NAND,Z,displacement,east,20.2,20.2,0.087842,-0.028825,0.000657,-7.13e-05,5.97e-05,-6.49e-06,LT_NAND__Z__east_20.200.qca,ok,0.3
LT NAND,Z,displacement,east,20.3,20.3,0.086745,-0.028357,0.000657,-7.13e-05,5.97e-05,-6.49e-06,LT_NAND__Z__east_20.300.qca,ok,0.3
LT NAND,Z,displacement,east,20.4,20.4,0.085663,-0.027898,0.000657,-7.13e-05,5.97e-05,-6.49e-06,LT_NAND__Z__east_20.400.qca,ok,0.3
LT NAND,Z,displacement,east,20.5,20.5,0.084597,-0.027446,0.000657,-7.13e-05,5.97e-05,-6.48e-06,LT_NAND__Z__east_20.500.qca,ok,0.3
LT NAND,Z,displacement,east,20.6,20.6,0.083546,-0.027001,0.000657,-7.13e-05,5.97e-05,-6.48e-06,LT_NAND__Z__east_20.600.qca,ok,0.3
LT NAND,Z,displacement,east,20.7,20.7,0.082511,-0.026564,0.000657,-7.13e-05,5.97e-05,-6.48e-06,LT_NAND__Z__east_20.700.qca,ok,0.3
LT NAND,Z,displacement,east,20.8,20.8,0.081491,-0.026134,0.000657,-7.13e-05,5.97e-05,-6.48e-06,LT_NAND__Z__east_20.800.qca,ok,0.3
LT NAND,Z,displacement,east,20.9,20.9,0.080485,-0.025712,0.000657,-7.13e-05,5.97e-05,-6.48e-06,LT_NAND__Z__east_20.900.qca,ok,0.3
LT NAND,Z,displacement,east,21,21,0.079494,-0.025296,0.000657,-7.13e-05,5.97e-05,-6.48e-06,LT_NAND__Z__east_21.000.qca,ok,0.3
LT NAND,Z,displacement,east,21.1,21.1,0.078517,-0.024888,0.000657,-7.13e-05,5.97e-05,-6.48e-06,LT_NAND__Z__east_21.100.qca,ok,0.3
LT NAND,Z,displacement,east,21.2,21.2,0.077555,-0.024486,0.000657,-7.13e-05,5.97e-05,-6.48e-06,LT_NAND__Z__east_21.200.qca,ok,0.3
LT NAND,Z,displacement,east,21.3,21.3,0.076606,-0.024091,0.000657,-7.13e-05,5.97e-05,-6.48e-06,LT_NAND__Z__east_21.300.qca,ok,0.3
LT NAND,Z,displacement,east,21.4,21.4,0.07567,-0.023703,0.000657,-7.13e-05,5.97e-05,-6.48e-06,LT_NAND__Z__east_21.400.qca,ok,0.3
LT NAND,Z,displacement,east,21.5,21.5,0.074748,-0.023321,0.000657,-7.13e-05,5.97e-05,-6.48e-06,LT_NAND__Z__east_21.500.qca,ok,0.3
LT NAND,Z,displacement,east,21.6,21.6,0.073839,-0.022945,0.000657,-7.13e-05,5.97e-05,-6.48e-06,LT_NAND__Z__east_21.600.qca,ok,0.3
LT NAND,Z,displacement,east,21.7,21.7,0.072943,-0.022575,0.000657,-7.13e-05,5.97e-05,-6.48e-06,LT_NAND__Z__east_21.700.qca,ok,0.3
LT NAND,Z,displacement,east,21.8,21.8,0.072059,-0.022212,0.000657,-7.13e-05,5.97e-05,-6.48e-06,LT_NAND__Z__east_21.800.qca,ok,0.3
LT NAND,Z,displacement,east,21.9,21.9,0.071188,-0.021854,0.000657,-7.13e-05,5.97e-05,-6.48e-06,LT_NAND__Z__east_21.900.qca,ok,0.3
LT NAND,Z,displacement,east,22,22,0.07033,-0.021503,0.000657,-7.13e-05,5.97e-05,-6.48e-06,LT_NAND__Z__east_22.000.qca,ok,0.3
LT NAND,Z,displacement,east,22.1,22.1,0.069483,-0.021157,0.000657,-7.13e-05,5.97e-05,-6.48e-06,LT_NAND__Z__east_22.100.qca,ok,0.3
LT NAND,Z,displacement,east,22.2,22.2,0.068649,-0.020817,0.000657,-7.13e-05,5.97e-05,-6.48e-06,LT_NAND__Z__east_22.200.qca,ok,0.3
LT NAND,Z,displacement,east,22.3,22.3,0.067826,-0.020482,0.000657,-7.13e-05,5.97e-05,-6.48e-06,LT_NAND__Z__east_22.300.qca,ok,0.3
LT NAND,Z,displacement,east,22.4,22.4,0.067014,-0.020153,0.000657,-7.13e-05,5.97e-05,-6.48e-06,LT_NAND__Z__east_22.400.qca,ok,0.3
LT NAND,Z,displacement,east,22.5,22.5,0.066214,-0.019829,0.000657,-7.13e-05,5.97e-05,-6.48e-06,LT_NAND__Z__east_22.500.qca,ok,0.3
LT NAND,Z,displacement,east,22.6,22.6,0.065426,-0.01951,0.000657,-7.13e-05,5.97e-05,-6.48e-06,LT_NAND__Z__east_22.600.qca,ok,0.3
LT NAND,Z,displacement,east,22.7,22.7,0.064648,-0.019197,0.000657,-7.13e-05,5.97e-05,-6.48e-06,LT_NAND__Z__east_22.700.qca,ok,0.3
LT NAND,Z,displacement,east,22.8,22.8,0.063881,-0.018888,0.000657,-7.13e-05,5.97e-05,-6.48e-06,LT_NAND__Z__east_22.800.qca,ok,0.3
LT NAND,Z,displacement,east,22.9,22.9,0.063124,-0.018585,0.000657,-7.13e-05,5.97e-05,-6.48e-06,LT_NAND__Z__east_22.900.qca,ok,0.3
LT NAND,Z,displacement,east,23,23,0.062378,-0.018287,0.000657,-7.13e-05,5.97e-05,-6.48e-06,LT_NAND__Z__east_23.000.qca,ok,0.3
LT NAND,Z,displacement,east,23.1,23.1,0.061643,-0.017993,0.000657,-7.13e-05,5.97e-05,-6.48e-06,LT_NAND__Z__east_23.100.qca,ok,0.3
LT NAND,Z,displacement,east,23.2,23.2,0.060917,-0.017704,0.000657,-7.13e-05,5.97e-05,-6.48e-06,LT_NAND__Z__east_23.200.qca,ok,0.3
LT NAND,Z,displacement,east,23.3,23.3,0.060201,-0.01742,0.000657,-7.13e-05,5.97e-05,-6.48e-06,LT_NAND__Z__east_23.300.qca,ok,0.3
LT NAND,Z,displacement,east,23.4,23.4,0.059496,-0.01714,0.000657,-7.13e-05,5.97e-05,-6.48e-06,LT_NAND__Z__east_23.400.qca,ok,0.3
LT NAND,Z,displacement,east,23.5,23.5,0.0588,-0.016865,0.000657,-7.13e-05,5.97e-05,-6.48e-06,LT_NAND__Z__east_23.500.qca,ok,0.3
LT NAND,Z,displacement,east,23.6,23.6,0.058113,-0.016594,0.000657,-7.13e-05,5.97e-05,-6.48e-06,LT_NAND__Z__east_23.600.qca,ok,0.3
LT NAND,Z,displacement,east,23.7,23.7,0.057436,-0.016327,0.000657,-7.13e-05,5.97e-05,-6.48e-06,LT_NAND__Z__east_23.700.qca,ok,0.3
LT NAND,Z,displacement,east,23.8,23.8,0.056768,-0.016065,0.000657,-7.13e-05,5.97e-05,-6.48e-06,LT_NAND__Z__east_23.800.qca,ok,0.3
LT NAND,Z,displacement,east,23.9,23.9,0.056109,-0.015807,0.000657,-7.13e-05,5.97e-05,-6.48e-06,LT_NAND__Z__east_23.900.qca,ok,0.3
LT NAND,Z,displacement,east,24,24,0.055459,-0.015553,0.000657,-7.13e-05,5.97e-05,-6.48e-06,LT_NAND__Z__east_24.000.qca,ok,0.3
LT NAND,Z,displacement,east,24.1,24.1,0.054818,-0.015303,0.000657,-7.13e-05,5.97e-05,-6.48e-06,LT_NAND__Z__east_24.100.qca,ok,0.3
LT NAND,Z,displacement,east,24.2,24.2,0.054186,-0.015057,0.000656,-7.13e-05,5.97e-05,-6.48e-06,LT_NAND__Z__east_24.200.qca,ok,0.3
LT NAND,Z,displacement,east,24.3,24.3,0.053562,-0.014815,0.000656,-7.13e-05,5.97e-05,-6.48e-06,LT_NAND__Z__east_24.300.qca,ok,0.3
LT NAND,Z,displacement,east,24.4,24.4,0.052946,-0.014577,0.000656,-7.13e-05,5.97e-05,-6.48e-06,LT_NAND__Z__east_24.400.qca,ok,0.3
LT NAND,Z,displacement,east,24.5,24.5,0.052339,-0.014342,0.000656,-7.13e-05,5.97e-05,-6.48e-06,LT_NAND__Z__east_24.500.qca,ok,0.3
LT NAND,Z,displacement,east,24.6,24.6,0.05174,-0.014111,0.000656,-7.13e-05,5.97e-05,-6.48e-06,LT_NAND__Z__east_24.600.qca,ok,0.3
LT NAND,Z,displacement,east,24.7,24.7,0.051149,-0.013884,0.000656,-7.13e-05,5.97e-05,-6.48e-06,LT_NAND__Z__east_24.700.qca,ok,0.3
LT NAND,Z,displacement,east,24.8,24.8,0.050566,-0.01366,0.000656,-7.13e-05,5.97e-05,-6.48e-06,LT_NAND__Z__east_24.800.qca,ok,0.3
LT NAND,Z,displacement,east,24.9,24.9,0.04999,-0.01344,0.000656,-7.13e-05,5.97e-05,-6.48e-06,LT_NAND__Z__east_24.900.qca,ok,0.3
LT NAND,Z,displacement,east,25,25,0.049423,-0.013224,0.000656,-7.13e-05,5.97e-05,-6.48e-06,LT_NAND__Z__east_25.000.qca,ok,0.3
LT NAND,Z,displacement,east,25.1,25.1,0.048862,-0.01301,0.000656,-7.13e-05,5.97e-05,-6.48e-06,LT_NAND__Z__east_25.100.qca,ok,0.3
LT NAND,Z,displacement,east,25.2,25.2,0.048309,-0.012801,0.000656,-7.13e-05,5.97e-05,-6.48e-06,LT_NAND__Z__east_25.200.qca,ok,0.3
LT NAND,Z,displacement,east,25.3,25.3,0.047764,-0.012594,0.000656,-7.13e-05,5.97e-05,-6.48e-06,LT_NAND__Z__east_25.300.qca,ok,0.3
LT NAND,Z,displacement,east,25.4,25.4,0.047226,-0.012391,0.000656,-7.13e-05,5.97e-05,-6.48e-06,LT_NAND__Z__east_25.400.qca,ok,0.3
LT NAND,Z,displacement,east,25.5,25.5,0.046694,-0.01219,0.000656,-7.13e-05,5.97e-05,-6.48e-06,LT_NAND__Z__east_25.500.qca,ok,0.3
LT NAND,Z,displacement,east,25.6,25.6,0.04617,-0.011993,0.000656,-7.13e-05,5.97e-05,-6.48e-06,LT_NAND__Z__east_25.600.qca,ok,0.3
LT NAND,Z,displacement,east,25.7,25.7,0.045653,-0.011799,0.000656,-7.13e-05,5.97e-05,-6.48e-06,LT_NAND__Z__east_25.700.qca,ok,0.3
LT NAND,Z,displacement,east,25.8,25.8,0.045142,-0.011608,0.000656,-7.13e-05,5.97e-05,-6.48e-06,LT_NAND__Z__east_25.800.qca,ok,0.3
LT NAND,Z,displacement,east,25.9,25.9,0.044638,-0.01142,0.000656,-7.13e-05,5.97e-05,-6.48e-06,LT_NAND__Z__east_25.900.qca,ok,0.3
LT NAND,Z,displacement,east,26,26,0.044141,-0.011235,0.000656,-7.13e-05,5.97e-05,-6.48e-06,LT_NAND__Z__east_26.000.qca,ok,0.3
LT NAND,Z,displacement,east,26.1,26.1,0.04365,-0.011053,0.000656,-7.13e-05,5.97e-05,-6.48e-06,LT_NAND__Z__east_26.100.qca,ok,0.3
LT NAND,Z,displacement,east,26.2,26.2,0.043166,-0.010873,0.000656,-7.13e-05,5.97e-05,-6.48e-06,LT_NAND__Z__east_26.200.qca,ok,0.3
LT NAND,Z,displacement,east,26.3,26.3,0.042688,-0.010697,0.000656,-7.13e-05,5.97e-05,-6.48e-06,LT_NAND__Z__east_26.300.qca,ok,0.3
LT NAND,Z,displacement,east,26.4,26.4,0.042216,-0.010523,0.000656,-7.13e-05,5.97e-05,-6.48e-06,LT_NAND__Z__east_26.400.qca,ok,0.3
LT NAND,Z,displacement,east,26.5,26.5,0.04175,-0.010351,0.000656,-7.13e-05,5.97e-05,-6.48e-06,LT_NAND__Z__east_26.500.qca,ok,0.3
LT NAND,Z,displacement,east,26.6,26.6,0.04129,-0.010183,0.000656,-7.13e-05,5.97e-05,-6.48e-06,LT_NAND__Z__east_26.600.qca,ok,0.3
LT NAND,Z,displacement,east,26.7,26.7,0.040836,-0.010017,0.000656,-7.13e-05,5.97e-05,-6.48e-06,LT_NAND__Z__east_26.700.qca,ok,0.3
LT NAND,Z,displacement,east,26.8,26.8,0.040388,-0.009853,0.000656,-7.13e-05,5.97e-05,-6.48e-06,LT_NAND__Z__east_26.800.qca,ok,0.3
LT NAND,Z,displacement,east,26.9,26.9,0.039946,-0.009692,0.000656,-7.13e-05,5.97e-05,-6.48e-06,LT_NAND__Z__east_26.900.qca,ok,0.3
LT NAND,Z,displacement,east,27,27,0.039509,-0.009534,0.000656,-7.13e-05,5.97e-05,-6.48e-06,LT_NAND__Z__east_27.000.qca,ok,0.3
LT NAND,Z,displacement,east,27.1,27.1,0.039078,-0.009378,0.000656,-7.13e-05,5.97e-05,-6.48e-06,LT_NAND__Z__east_27.100.qca,ok,0.3
LT NAND,Z,displacement,east,27.2,27.2,0.038652,-0.009224,0.000656,-7.13e-05,5.97e-05,-6.48e-06,LT_NAND__Z__east_27.200.qca,ok,0.3
LT NAND,Z,displacement,east,27.3,27.3,0.038232,-0.009073,0.000656,-7.13e-05,5.97e-05,-6.48e-06,LT_NAND__Z__east_27.300.qca,ok,0.3
LT NAND,Z,displacement,east,27.4,27.4,0.037817,-0.008924,0.000656,-7.13e-05,5.97e-05,-6.48e-06,LT_NAND__Z__east_27.400.qca,ok,0.3
LT NAND,Z,displacement,east,27.5,27.5,0.037407,-0.008777,0.000656,-7.13e-05,5.97e-05,-6.48e-06,LT_NAND__Z__east_27.500.qca,ok,0.3
LT NAND,Z,displacement,east,27.6,27.6,0.037003,-0.008632,0.000656,-7.13e-05,5.97e-05,-6.48e-06,LT_NAND__Z__east_27.600.qca,ok,0.3
LT NAND,Z,displacement,east,27.7,27.7,0.036604,-0.00849,0.000656,-7.13e-05,5.97e-05,-6.48e-06,LT_NAND__Z__east_27.700.qca,ok,0.3
LT NAND,Z,displacement,east,27.8,27.8,0.036209,-0.00835,0.000656,-7.13e-05,5.97e-05,-6.48e-06,LT_NAND__Z__east_27.800.qca,ok,0.3
LT NAND,Z,displacement,east,27.9,27.9,0.03582,-0.008212,0.000656,-7.12e-05,5.97e-05,-6.48e-06,LT_NAND__Z__east_27.900.qca,ok,0.3
LT NAND,Z,displacement,east,28,28,0.035436,-0.008076,0.000656,-7.12e-05,5.97e-05,-6.48e-06,LT_NAND__Z__east_28.000.qca,ok,0.3
LT NAND,Z,displacement,east,28.1,28.1,0.035056,-0.007942,0.000656,-7.12e-05,5.97e-05,-6.48e-06,LT_NAND__Z__east_28.100.qca,ok,0.3
LT NAND,Z,displacement,east,28.2,28.2,0.034681,-0.007811,0.000656,-7.12e-05,5.97e-05,-6.48e-06,LT_NAND__Z__east_28.200.qca,ok,0.3
LT NAND,Z,displacement,east,28.3,28.3,0.034311,-0.007681,0.000656,-7.12e-05,5.97e-05,-6.48e-06,LT_NAND__Z__east_28.300.qca,ok,0.3
LT NAND,Z,displacement,east,28.4,28.4,0.033945,-0.007553,0.000656,-7.12e-05,5.97e-05,-6.48e-06,LT_NAND__Z__east_28.400.qca,ok,0.3
LT NAND,Z,displacement,east,28.5,28.5,0.033584,-0.007427,0.000656,-7.12e-05,5.97e-05,-6.48e-06,LT_NAND__Z__east_28.500.qca,ok,0.3
LT NAND,Z,displacement,east,28.6,28.6,0.033228,-0.007303,0.000656,-7.12e-05,5.97e-05,-6.48e-06,LT_NAND__Z__east_28.600.qca,ok,0.3
LT NAND,Z,displacement,east,28.7,28.7,0.032876,-0.007181,0.000656,-7.12e-05,5.97e-05,-6.48e-06,LT_NAND__Z__east_28.700.qca,ok,0.3
LT NAND,Z,displacement,east,28.8,28.8,0.032528,-0.007061,0.000656,-7.12e-05,5.97e-05,-6.48e-06,LT_NAND__Z__east_28.800.qca,ok,0.3
LT NAND,Z,displacement,east,28.9,28.9,0.032184,-0.006942,0.000656,-7.12e-05,5.97e-05,-6.48e-06,LT_NAND__Z__east_28.900.qca,ok,0.3
LT NAND,Z,displacement,east,29,29,0.031845,-0.006825,0.000656,-7.12e-05,5.97e-05,-6.48e-06,LT_NAND__Z__east_29.000.qca,ok,0.3
LT NAND,Z,displacement,east,29.1,29.1,0.03151,-0.006711,0.000656,-7.12e-05,5.97e-05,-6.48e-06,LT_NAND__Z__east_29.100.qca,ok,0.3
LT NAND,Z,displacement,east,29.2,29.2,0.031179,-0.006597,0.000656,-7.12e-05,5.97e-05,-6.48e-06,LT_NAND__Z__east_29.200.qca,ok,0.3
LT NAND,Z,displacement,east,29.3,29.3,0.030852,-0.006486,0.000656,-7.12e-05,5.97e-05,-6.48e-06,LT_NAND__Z__east_29.300.qca,ok,0.3
LT NAND,Z,displacement,east,29.4,29.4,0.030529,-0.006376,0.000656,-7.12e-05,5.97e-05,-6.48e-06,LT_NAND__Z__east_29.400.qca,ok,0.3
LT NAND,Z,displacement,east,29.5,29.5,0.03021,-0.006268,0.000656,-7.12e-05,5.97e-05,-6.48e-06,LT_NAND__Z__east_29.500.qca,ok,0.3
LT NAND,Z,displacement,east,29.6,29.6,0.029895,-0.006161,0.000656,-7.12e-05,5.97e-05,-6.48e-06,LT_NAND__Z__east_29.600.qca,ok,0.3
LT NAND,Z,displacement,east,29.7,29.7,0.029584,-0.006056,0.000656,-7.12e-05,5.97e-05,-6.48e-06,LT_NAND__Z__east_29.700.qca,ok,0.3
LT NAND,Z,displacement,east,29.8,29.8,0.029277,-0.005953,0.000656,-7.12e-05,5.97e-05,-6.48e-06,LT_NAND__Z__east_29.800.qca,ok,0.3
LT NAND,Z,displacement,east,29.9,29.9,0.028973,-0.005851,0.000656,-7.12e-05,5.97e-05,-6.48e-06,LT_NAND__Z__east_29.900.qca,ok,0.3
LT NAND,Z,displacement,east,30,30,0.028673,-0.005751,0.000656,-7.12e-05,5.97e-05,-6.48e-06,LT_NAND__Z__east_30.000.qca,ok,0.3
LT NAND,Z,displacement,west,0.01,-0.01,0.95419,-0.948421,0.000413,-3.93e-05,3.75e-05,-3.58e-06,LT_NAND__Z__west_0.010.qca,ok,0.3
LT NAND,Z,displacement,west,0.02,-0.02,0.954408,-0.948683,0.000413,-3.93e-05,3.75e-05,-3.57e-06,LT_NAND__Z__west_0.020.qca,ok,0.3
LT NAND,Z,displacement,west,0.03,-0.03,0.954626,-0.948943,0.000412,-3.92e-05,3.75e-05,-3.57e-06,LT_NAND__Z__west_0.030.qca,ok,0.3
LT NAND,Z,displacement,west,0.04,-0.04,0.954842,-0.949202,0.000412,-3.92e-05,3.74e-05,-3.56e-06,LT_NAND__Z__west_0.040.qca,ok,0.3
LT NAND,Z,displacement,west,0.05,-0.05,0.955058,-0.94946,0.000411,-3.91e-05,3.74e-05,-3.56e-06,LT_NAND__Z__west_0.050.qca,ok,0.3
LT NAND,Z,displacement,west,0.06,-0.06,0.955273,-0.949716,0.000411,-3.91e-05,3.74e-05,-3.55e-06,LT_NAND__Z__west_0.060.qca,ok,0.3
LT NAND,Z,displacement,west,0.07,-0.07,0.955487,-0.949972,0.000411,-3.9e-05,3.73e-05,-3.55e-06,LT_NAND__Z__west_0.070.qca,ok,0.3
LT NAND,Z,displacement,west,0.08,-0.08,0.9557,-0.950226,0.00041,-3.9e-05,3.73e-05,-3.54e-06,LT_NAND__Z__west_0.080.qca,ok,0.3
LT NAND,Z,displacement,west,0.09,-0.09,0.955913,-0.95048,0.00041,-3.89e-05,3.73e-05,-3.54e-06,LT_NAND__Z__west_0.090.qca,ok,0.3
LT NAND,Z,displacement,west,0.1,-0.1,0.956124,-0.950732,0.00041,-3.89e-05,3.72e-05,-3.53e-06,LT_NAND__Z__west_0.100.qca,ok,0.3
LT NAND,Z,displacement,west,0.11,-0.11,0.956335,-0.950983,0.000409,-3.88e-05,3.72e-05,-3.53e-06,LT_NAND__Z__west_0.110.qca,ok,0.3
LT NAND,Z,displacement,west,0.12,-0.12,0.956545,-0.951233,0.000409,-3.88e-05,3.72e-05,-3.52e-06,LT_NAND__Z__west_0.120.qca,ok,0.3
LT NAND,Z,displacement,west,0.13,-0.13,0.956754,-0.951481,0.000409,-3.87e-05,3.72e-05,-3.52e-06,LT_NAND__Z__west_0.130.qca,ok,0.3
LT NAND,Z,displacement,west,0.14,-0.14,0.956962,-0.951729,0.000408,-3.87e-05,3.71e-05,-3.52e-06,LT_NAND__Z__west_0.140.qca,ok,0.3
LT NAND,Z,displacement,west,0.15,-0.15,0.957169,-0.951975,0.000408,-3.86e-05,3.71e-05,-3.51e-06,LT_NAND__Z__west_0.150.qca,ok,0.3
LT NAND,Z,displacement,west,0.16,-0.16,0.957376,-0.952221,0.000408,-3.86e-05,3.71e-05,-3.51e-06,LT_NAND__Z__west_0.160.qca,ok,0.3
LT NAND,Z,displacement,west,0.17,-0.17,0.957581,-0.952465,0.000407,-3.85e-05,3.7e-05,-3.5e-06,LT_NAND__Z__west_0.170.qca,ok,0.3
LT NAND,Z,displacement,west,0.18,-0.18,0.957786,-0.952708,0.000407,-3.85e-05,3.7e-05,-3.5e-06,LT_NAND__Z__west_0.180.qca,ok,0.3
LT NAND,Z,displacement,west,0.19,-0.19,0.95799,-0.95295,0.000407,-3.84e-05,3.7e-05,-3.49e-06,LT_NAND__Z__west_0.190.qca,ok,0.3
LT NAND,Z,displacement,west,0.2,-0.2,0.958193,-0.953191,0.000407,-3.84e-05,3.7e-05,-3.49e-06,LT_NAND__Z__west_0.200.qca,ok,0.3
LT NAND,Z,displacement,west,0.21,-0.21,0.958395,-0.953431,0.000406,-3.83e-05,3.69e-05,-3.48e-06,LT_NAND__Z__west_0.210.qca,ok,0.3
LT NAND,Z,displacement,west,0.22,-0.22,0.958597,-0.95367,0.000406,-3.83e-05,3.69e-05,-3.48e-06,LT_NAND__Z__west_0.220.qca,ok,0.3
LT NAND,Z,displacement,west,0.23,-0.23,0.958797,-0.953907,0.000406,-3.82e-05,3.69e-05,-3.48e-06,LT_NAND__Z__west_0.230.qca,ok,0.3
LT NAND,Z,displacement,west,0.24,-0.24,0.958997,-0.954144,0.000405,-3.82e-05,3.69e-05,-3.47e-06,LT_NAND__Z__west_0.240.qca,ok,0.3
LT NAND,Z,displacement,west,0.25,-0.25,0.959196,-0.954379,0.000405,-3.81e-05,3.68e-05,-3.47e-06,LT_NAND__Z__west_0.250.qca,ok,0.3
LT NAND,Z,displacement,west,0.26,-0.26,0.959395,-0.954614,0.000405,-3.81e-05,3.68e-05,-3.46e-06,LT_NAND__Z__west_0.260.qca,ok,0.3
LT NAND,Z,displacement,west,0.27,-0.27,0.959592,-0.954847,0.000405,-3.81e-05,3.68e-05,-3.46e-06,LT_NAND__Z__west_0.270.qca,ok,0.3
LT NAND,Z,displacement,west,0.28,-0.28,0.959789,-0.95508,0.000404,-3.8e-05,3.68e-05,-3.46e-06,LT_NAND__Z__west_0.280.qca,ok,0.3
LT NAND,Z,displacement,west,0.29,-0.29,0.959984,-0.955311,0.000404,-3.8e-05,3.67e-05,-3.45e-06,LT_NAND__Z__west_0.290.qca,ok,0.3
LT NAND,Z,displacement,west,0.3,-0.3,0.960179,-0.955541,0.000404,-3.79e-05,3.67e-05,-3.45e-06,LT_NAND__Z__west_0.300.qca,ok,0.3
LT NAND,Z,displacement,west,0.31,-0.31,0.960374,-0.95577,0.000404,-3.79e-05,3.67e-05,-3.44e-06,LT_NAND__Z__west_0.310.qca,ok,0.3
LT NAND,Z,displacement,west,0.32,-0.32,0.960567,-0.955998,0.000403,-3.78e-05,3.67e-05,-3.44e-06,LT_NAND__Z__west_0.320.qca,ok,0.3
LT NAND,Z,displacement,west,0.33,-0.33,0.96076,-0.956225,0.000403,-3.78e-05,3.66e-05,-3.44e-06,LT_NAND__Z__west_0.330.qca,ok,0.3
LT NAND,Z,displacement,west,0.34,-0.34,0.960951,-0.956451,0.000403,-3.78e-05,3.66e-05,-3.43e-06,LT_NAND__Z__west_0.340.qca,ok,0.3
LT NAND,Z,displacement,west,0.35,-0.35,0.961142,-0.956676,0.000403,-3.77e-05,3.66e-05,-3.43e-06,LT_NAND__Z__west_0.350.qca,ok,0.3
LT NAND,Z,displacement,west,0.36,-0.36,0.961333,-0.9569,0.000402,-3.77e-05,3.66e-05,-3.43e-06,LT_NAND__Z__west_0.360.qca,ok,0.3
LT NAND,Z,displacement,west,0.37,-0.37,0.961522,-0.957123,0.000402,-3.76e-05,3.65e-05,-3.42e-06,LT_NAND__Z__west_0.370.qca,ok,0.3
LT NAND,Z,displacement,west,0.38,-0.38,0.961711,-0.957345,0.000402,-3.76e-05,3.65e-05,-3.42e-06,LT_NAND__Z__west_0.380.qca,ok,0.3
LT NAND,Z,displacement,west,0.39,-0.39,0.961899,-0.957566,0.000402,-3.76e-05,3.65e-05,-3.41e-06,LT_NAND__Z__west_0.390.qca,ok,0.3
LT NAND,Z,displacement,west,0.4,-0.4,0.962086,-0.957786,0.000401,-3.75e-05,3.65e-05,-3.41e-06,LT_NAND__Z__west_0.400.qca,ok,0.3
LT NAND,Z,displacement,west,0.41,-0.41,0.962272,-0.958004,0.000401,-3.75e-05,3.65e-05,-3.41e-06,LT_NAND__Z__west_0.410.qca,ok,0.3
LT NAND,Z,displacement,west,0.42,-0.42,0.962457,-0.958222,0.000401,-3.74e-05,3.64e-05,-3.4e-06,LT_NAND__Z__west_0.420.qca,ok,0.3
LT NAND,Z,displacement,west,0.43,-0.43,0.962642,-0.958439,0.000401,-3.74e-05,3.64e-05,-3.4e-06,LT_NAND__Z__west_0.430.qca,ok,0.3
LT NAND,Z,displacement,west,0.44,-0.44,0.962826,-0.958655,0.0004,-3.74e-05,3.64e-05,-3.4e-06,LT_NAND__Z__west_0.440.qca,ok,0.3
LT NAND,Z,displacement,west,0.45,-0.45,0.963009,-0.95887,0.0004,-3.73e-05,3.64e-05,-3.39e-06,LT_NAND__Z__west_0.450.qca,ok,0.3
LT NAND,Z,displacement,west,0.46,-0.46,0.963192,-0.959084,0.0004,-3.73e-05,3.64e-05,-3.39e-06,LT_NAND__Z__west_0.460.qca,ok,0.3
LT NAND,Z,displacement,west,0.47,-0.47,0.963374,-0.959296,0.0004,-3.72e-05,3.63e-05,-3.39e-06,LT_NAND__Z__west_0.470.qca,ok,0.3
LT NAND,Z,displacement,west,0.48,-0.48,0.963555,-0.959508,0.0004,-3.72e-05,3.63e-05,-3.38e-06,LT_NAND__Z__west_0.480.qca,ok,0.3
LT NAND,Z,displacement,west,0.49,-0.49,0.963735,-0.959719,0.000399,-3.72e-05,3.63e-05,-3.38e-06,LT_NAND__Z__west_0.490.qca,ok,0.3
LT NAND,Z,displacement,west,0.5,-0.5,0.963914,-0.959929,0.000399,-3.71e-05,3.63e-05,-3.38e-06,LT_NAND__Z__west_0.500.qca,ok,0.3
LT NAND,Z,displacement,west,0.51,-0.51,0.964093,-0.960138,0.000399,-3.71e-05,3.63e-05,-3.37e-06,LT_NAND__Z__west_0.510.qca,ok,0.3
LT NAND,Z,displacement,west,0.52,-0.52,0.964271,-0.960346,0.000399,-3.71e-05,3.63e-05,-3.37e-06,LT_NAND__Z__west_0.520.qca,ok,0.3
LT NAND,Z,displacement,west,0.53,-0.53,0.964448,-0.960553,0.000399,-3.7e-05,3.62e-05,-3.37e-06,LT_NAND__Z__west_0.530.qca,ok,0.3
LT NAND,Z,displacement,west,0.54,-0.54,0.964624,-0.960759,0.000398,-3.7e-05,3.62e-05,-3.36e-06,LT_NAND__Z__west_0.540.qca,ok,0.3
LT NAND,Z,displacement,west,0.55,-0.55,0.9648,-0.960964,0.000398,-3.7e-05,3.62e-05,-3.36e-06,LT_NAND__Z__west_0.550.qca,ok,0.3
LT NAND,Z,displacement,west,0.56,-0.56,0.964975,-0.961168,0.000398,-3.69e-05,3.62e-05,-3.36e-06,LT_NAND__Z__west_0.560.qca,ok,0.3
LT NAND,Z,displacement,west,0.57,-0.57,0.965149,-0.961371,0.000398,-3.69e-05,3.62e-05,-3.35e-06,LT_NAND__Z__west_0.570.qca,ok,0.3
LT NAND,Z,displacement,west,0.58,-0.58,0.965323,-0.961573,0.000398,-3.68e-05,3.62e-05,-3.35e-06,LT_NAND__Z__west_0.580.qca,ok,0.3
LT NAND,Z,displacement,west,0.59,-0.59,0.965495,-0.961775,0.000397,-3.68e-05,3.61e-05,-3.35e-06,LT_NAND__Z__west_0.590.qca,ok,0.3
LT NAND,Z,displacement,west,0.6,-0.6,0.965667,-0.961975,0.000397,-3.68e-05,3.61e-05,-3.34e-06,LT_NAND__Z__west_0.600.qca,ok,0.3
LT NAND,Z,displacement,west,0.61,-0.61,0.965839,-0.962174,0.000397,-3.67e-05,3.61e-05,-3.34e-06,LT_NAND__Z__west_0.610.qca,ok,0.3
LT NAND,Z,displacement,west,0.62,-0.62,0.966009,-0.962373,0.000397,-3.67e-05,3.61e-05,-3.34e-06,LT_NAND__Z__west_0.620.qca,ok,0.3
LT NAND,Z,displacement,west,0.63,-0.63,0.966179,-0.96257,0.000397,-3.67e-05,3.61e-05,-3.33e-06,LT_NAND__Z__west_0.630.qca,ok,0.3
LT NAND,Z,displacement,west,0.64,-0.64,0.966348,-0.962767,0.000397,-3.66e-05,3.61e-05,-3.33e-06,LT_NAND__Z__west_0.640.qca,ok,0.3
LT NAND,Z,displacement,west,0.65,-0.65,0.966516,-0.962963,0.000396,-3.66e-05,3.6e-05,-3.33e-06,LT_NAND__Z__west_0.650.qca,ok,0.3
LT NAND,Z,displacement,west,0.66,-0.66,0.966684,-0.963157,0.000396,-3.66e-05,3.6e-05,-3.33e-06,LT_NAND__Z__west_0.660.qca,ok,0.3
LT NAND,Z,displacement,west,0.67,-0.67,0.966851,-0.963351,0.000396,-3.66e-05,3.6e-05,-3.32e-06,LT_NAND__Z__west_0.670.qca,ok,0.3
LT NAND,Z,displacement,west,0.68,-0.68,0.967017,-0.963544,0.000396,-3.65e-05,3.6e-05,-3.32e-06,LT_NAND__Z__west_0.680.qca,ok,0.3
LT NAND,Z,displacement,west,0.69,-0.69,0.967183,-0.963736,0.000396,-3.65e-05,3.6e-05,-3.32e-06,LT_NAND__Z__west_0.690.qca,ok,0.3
LT NAND,Z,displacement,west,0.7,-0.7,0.967348,-0.963927,0.000396,-3.65e-05,3.6e-05,-3.31e-06,LT_NAND__Z__west_0.700.qca,ok,0.3
LT NAND,Z,displacement,west,0.71,-0.71,0.967512,-0.964118,0.000396,-3.64e-05,3.6e-05,-3.31e-06,LT_NAND__Z__west_0.710.qca,ok,0.3
LT NAND,Z,displacement,west,0.72,-0.72,0.967675,-0.964307,0.000395,-3.64e-05,3.6e-05,-3.31e-06,LT_NAND__Z__west_0.720.qca,ok,0.3
LT NAND,Z,displacement,west,0.73,-0.73,0.967838,-0.964495,0.000395,-3.64e-05,3.59e-05,-3.31e-06,LT_NAND__Z__west_0.730.qca,ok,0.3
LT NAND,Z,displacement,west,0.74,-0.74,0.968,-0.964683,0.000395,-3.63e-05,3.59e-05,-3.3e-06,LT_NAND__Z__west_0.740.qca,ok,0.3
LT NAND,Z,displacement,west,0.75,-0.75,0.968161,-0.96487,0.000395,-3.63e-05,3.59e-05,-3.3e-06,LT_NAND__Z__west_0.750.qca,ok,0.3
LT NAND,Z,displacement,west,0.76,-0.76,0.968322,-0.965055,0.000395,-3.63e-05,3.59e-05,-3.3e-06,LT_NAND__Z__west_0.760.qca,ok,0.3
LT NAND,Z,displacement,west,0.77,-0.77,0.968481,-0.96524,0.000395,-3.62e-05,3.59e-05,-3.3e-06,LT_NAND__Z__west_0.770.qca,ok,0.3
LT NAND,Z,displacement,west,0.78,-0.78,0.968641,-0.965424,0.000395,-3.62e-05,3.59e-05,-3.29e-06,LT_NAND__Z__west_0.780.qca,ok,0.3
LT NAND,Z,displacement,west,0.79,-0.79,0.968799,-0.965607,0.000395,-3.62e-05,3.59e-05,-3.29e-06,LT_NAND__Z__west_0.790.qca,ok,0.3
LT NAND,Z,displacement,west,0.8,-0.8,0.968957,-0.96579,0.000394,-3.62e-05,3.59e-05,-3.29e-06,LT_NAND__Z__west_0.800.qca,ok,0.3
LT NAND,Z,displacement,west,0.81,-0.81,0.969114,-0.965971,0.000394,-3.61e-05,3.58e-05,-3.29e-06,LT_NAND__Z__west_0.810.qca,ok,0.3
LT NAND,Z,displacement,west,0.82,-0.82,0.969271,-0.966152,0.000394,-3.61e-05,3.58e-05,-3.28e-06,LT_NAND__Z__west_0.820.qca,ok,0.3
LT NAND,Z,displacement,west,0.83,-0.83,0.969426,-0.966331,0.000394,-3.61e-05,3.58e-05,-3.28e-06,LT_NAND__Z__west_0.830.qca,ok,0.3
LT NAND,Z,displacement,west,0.84,-0.84,0.969582,-0.96651,0.000394,-3.61e-05,3.58e-05,-3.28e-06,LT_NAND__Z__west_0.840.qca,ok,0.3
LT NAND,Z,displacement,west,0.85,-0.85,0.969736,-0.966688,0.000394,-3.6e-05,3.58e-05,-3.28e-06,LT_NAND__Z__west_0.850.qca,ok,0.3
LT NAND,Z,displacement,west,0.86,-0.86,0.96989,-0.966866,0.000394,-3.6e-05,3.58e-05,-3.27e-06,LT_NAND__Z__west_0.860.qca,ok,0.3
LT NAND,Z,displacement,west,0.87,-0.87,0.970043,-0.967042,0.000394,-3.6e-05,3.58e-05,-3.27e-06,LT_NAND__Z__west_0.870.qca,ok,0.3
LT NAND,Z,displacement,west,0.88,-0.88,0.970195,-0.967217,0.000394,-3.59e-05,3.58e-05,-3.27e-06,LT_NAND__Z__west_0.880.qca,ok,0.3
LT NAND,Z,displacement,west,0.89,-0.89,0.970347,-0.967392,0.000393,-3.59e-05,3.58e-05,-3.27e-06,LT_NAND__Z__west_0.890.qca,ok,0.3
LT NAND,Z,displacement,west,0.9,-0.9,0.970498,-0.967566,0.000393,-3.59e-05,3.58e-05,-3.26e-06,LT_NAND__Z__west_0.900.qca,ok,0.3
LT NAND,Z,displacement,west,0.91,-0.91,0.970649,-0.967739,0.000393,-3.59e-05,3.58e-05,-3.26e-06,LT_NAND__Z__west_0.910.qca,ok,0.3
LT NAND,Z,displacement,west,0.92,-0.92,0.970798,-0.967911,0.000393,-3.58e-05,3.57e-05,-3.26e-06,LT_NAND__Z__west_0.920.qca,ok,0.3
LT NAND,Z,displacement,west,0.93,-0.93,0.970947,-0.968082,0.000393,-3.58e-05,3.57e-05,-3.26e-06,LT_NAND__Z__west_0.930.qca,ok,0.3
LT NAND,Z,displacement,west,0.94,-0.94,0.971096,-0.968253,0.000393,-3.58e-05,3.57e-05,-3.25e-06,LT_NAND__Z__west_0.940.qca,ok,0.3
LT NAND,Z,displacement,west,0.95,-0.95,0.971244,-0.968423,0.000393,-3.58e-05,3.57e-05,-3.25e-06,LT_NAND__Z__west_0.950.qca,ok,0.3
LT NAND,Z,displacement,west,0.96,-0.96,0.971391,-0.968591,0.000393,-3.57e-05,3.57e-05,-3.25e-06,LT_NAND__Z__west_0.960.qca,ok,0.3
LT NAND,Z,displacement,west,0.97,-0.97,0.971537,-0.96876,0.000393,-3.57e-05,3.57e-05,-3.25e-06,LT_NAND__Z__west_0.970.qca,ok,0.3
LT NAND,Z,displacement,west,0.98,-0.98,0.971683,-0.968927,0.000393,-3.57e-05,3.57e-05,-3.24e-06,LT_NAND__Z__west_0.980.qca,ok,0.3
LT NAND,Z,displacement,west,0.99,-0.99,0.971828,-0.969093,0.000393,-3.57e-05,3.57e-05,-3.24e-06,LT_NAND__Z__west_0.990.qca,ok,0.3
LT NAND,Z,displacement,west,1,-1,0.971973,-0.969259,0.000393,-3.56e-05,3.57e-05,-3.24e-06,LT_NAND__Z__west_1.000.qca,ok,0.3
LT NAND,Z,displacement,west,1.01,-1.01,0.972117,-0.969424,0.000392,-3.56e-05,3.57e-05,-3.24e-06,LT_NAND__Z__west_1.010.qca,ok,0.3
LT NAND,Z,displacement,west,1.02,-1.02,0.97226,-0.969588,0.000392,-3.56e-05,3.57e-05,-3.24e-06,LT_NAND__Z__west_1.020.qca,ok,0.3
LT NAND,Z,displacement,west,1.03,-1.03,0.972403,-0.969751,0.000392,-3.56e-05,3.57e-05,-3.23e-06,LT_NAND__Z__west_1.030.qca,ok,0.3
LT NAND,Z,displacement,west,1.04,-1.04,0.972545,-0.969914,0.000392,-3.56e-05,3.57e-05,-3.23e-06,LT_NAND__Z__west_1.040.qca,ok,0.3
LT NAND,Z,displacement,west,1.05,-1.05,0.972686,-0.970076,0.000392,-3.55e-05,3.57e-05,-3.23e-06,LT_NAND__Z__west_1.050.qca,ok,0.3
LT NAND,Z,displacement,west,1.06,-1.06,0.972827,-0.970236,0.000392,-3.55e-05,3.56e-05,-3.23e-06,LT_NAND__Z__west_1.060.qca,ok,0.3
LT NAND,Z,displacement,west,1.07,-1.07,0.972967,-0.970397,0.000392,-3.55e-05,3.56e-05,-3.23e-06,LT_NAND__Z__west_1.070.qca,ok,0.3
LT NAND,Z,displacement,west,1.08,-1.08,0.973107,-0.970556,0.000392,-3.55e-05,3.56e-05,-3.22e-06,LT_NAND__Z__west_1.080.qca,ok,0.3
LT NAND,Z,displacement,west,1.09,-1.09,0.973246,-0.970715,0.000392,-3.54e-05,3.56e-05,-3.22e-06,LT_NAND__Z__west_1.090.qca,ok,0.3
LT NAND,Z,displacement,west,1.1,-1.1,0.973384,-0.970873,0.000392,-3.54e-05,3.56e-05,-3.22e-06,LT_NAND__Z__west_1.100.qca,ok,0.3
LT NAND,Z,displacement,west,1.11,-1.11,0.973522,-0.97103,0.000392,-3.54e-05,3.56e-05,-3.22e-06,LT_NAND__Z__west_1.110.qca,ok,0.3
LT NAND,Z,displacement,west,1.12,-1.12,0.973659,-0.971186,0.000392,-3.54e-05,3.56e-05,-3.22e-06,LT_NAND__Z__west_1.120.qca,ok,0.3
LT NAND,Z,displacement,west,1.13,-1.13,0.973795,-0.971342,0.000392,-3.54e-05,3.56e-05,-3.21e-06,LT_NAND__Z__west_1.130.qca,ok,0.3
LT NAND,Z,displacement,west,1.14,-1.14,0.973931,-0.971497,0.000392,-3.53e-05,3.56e-05,-3.21e-06,LT_NAND__Z__west_1.140.qca,ok,0.3
LT NAND,Z,displacement,west,1.15,-1.15,0.974066,-0.971651,0.000392,-3.53e-05,3.56e-05,-3.21e-06,LT_NAND__Z__west_1.150.qca,ok,0.3
LT NAND,Z,displacement,west,1.16,-1.16,0.974201,-0.971804,0.000392,-3.53e-05,3.56e-05,-3.21e-06,LT_NAND__Z__west_1.160.qca,ok,0.3
LT NAND,Z,displacement,west,1.17,-1.17,0.974335,-0.971957,0.000392,-3.53e-05,3.56e-05,-3.21e-06,LT_NAND__Z__west_1.170.qca,ok,0.3
LT NAND,Z,displacement,west,1.18,-1.18,0.974468,-0.972108,0.000392,-3.53e-05,3.56e-05,-3.2e-06,LT_NAND__Z__west_1.180.qca,ok,0.3
LT NAND,Z,displacement,west,1.19,-1.19,0.974601,-0.97226,0.000392,-3.52e-05,3.56e-05,-3.2e-06,LT_NAND__Z__west_1.190.qca,ok,0.3
LT NAND,Z,displacement,west,1.2,-1.2,0.974733,-0.97241,0.000392,-3.52e-05,3.56e-05,-3.2e-06,LT_NAND__Z__west_1.200.qca,ok,0.3
LT NAND,Z,displacement,west,1.21,-1.21,0.974865,-0.97256,0.000391,-3.52e-05,3.56e-05,-3.2e-06,LT_NAND__Z__west_1.210.qca,ok,0.3
LT NAND,Z,displacement,west,1.22,-1.22,0.974996,-0.972709,0.000391,-3.52e-05,3.56e-05,-3.2e-06,LT_NAND__Z__west_1.220.qca,ok,0.3
LT NAND,Z,displacement,west,1.23,-1.23,0.975126,-0.972857,0.000391,-3.52e-05,3.56e-05,-3.2e-06,LT_NAND__Z__west_1.230.qca,ok,0.3
LT NAND,Z,displacement,west,1.24,-1.24,0.975256,-0.973004,0.000391,-3.51e-05,3.56e-05,-3.19e-06,LT_NAND__Z__west_1.240.qca,ok,0.3
LT NAND,Z,displacement,west,1.25,-1.25,0.975386,-0.973151,0.000391,-3.51e-05,3.56e-05,-3.19e-06,LT_NAND__Z__west_1.250.qca,ok,0.3
LT NAND,Z,displacement,west,1.26,-1.26,0.975514,-0.973297,0.000391,-3.51e-05,3.56e-05,-3.19e-06,LT_NAND__Z__west_1.260.qca,ok,0.3
LT NAND,Z,displacement,west,1.27,-1.27,0.975642,-0.973442,0.000391,-3.51e-05,3.56e-05,-3.19e-06,LT_NAND__Z__west_1.270.qca,ok,0.3
LT NAND,Z,displacement,west,1.28,-1.28,0.97577,-0.973587,0.000391,-3.51e-05,3.56e-05,-3.19e-06,LT_NAND__Z__west_1.280.qca,ok,0.3
LT NAND,Z,displacement,west,1.29,-1.29,0.975897,-0.973731,0.000391,-3.5e-05,3.56e-05,-3.19e-06,LT_NAND__Z__west_1.290.qca,ok,0.3
LT NAND,Z,displacement,west,1.3,-1.3,0.976023,-0.973874,0.000391,-3.5e-05,3.56e-05,-3.18e-06,LT_NAND__Z__west_1.300.qca,ok,0.3
LT NAND,Z,displacement,west,1.31,-1.31,0.976149,-0.974017,0.000391,-3.5e-05,3.56e-05,-3.18e-06,LT_NAND__Z__west_1.310.qca,ok,0.3
LT NAND,Z,displacement,west,1.32,-1.32,0.976274,-0.974159,0.000391,-3.5e-05,3.56e-05,-3.18e-06,LT_NAND__Z__west_1.320.qca,ok,0.3
LT NAND,Z,displacement,west,1.33,-1.33,0.976399,-0.9743,0.000391,-3.5e-05,3.56e-05,-3.18e-06,LT_NAND__Z__west_1.330.qca,ok,0.3
LT NAND,Z,displacement,west,1.34,-1.34,0.976523,-0.97444,0.000391,-3.5e-05,3.56e-05,-3.18e-06,LT_NAND__Z__west_1.340.qca,ok,0.3
LT NAND,Z,displacement,west,1.35,-1.35,0.976646,-0.97458,0.000391,-3.49e-05,3.56e-05,-3.18e-06,LT_NAND__Z__west_1.350.qca,ok,0.3
LT NAND,Z,displacement,west,1.36,-1.36,0.976769,-0.974719,0.000391,-3.49e-05,3.56e-05,-3.17e-06,LT_NAND__Z__west_1.360.qca,ok,0.3
LT NAND,Z,displacement,west,1.37,-1.37,0.976892,-0.974857,0.000391,-3.49e-05,3.56e-05,-3.17e-06,LT_NAND__Z__west_1.370.qca,ok,0.3
LT NAND,Z,displacement,west,1.38,-1.38,0.977013,-0.974995,0.000391,-3.49e-05,3.56e-05,-3.17e-06,LT_NAND__Z__west_1.380.qca,ok,0.3
LT NAND,Z,displacement,west,1.39,-1.39,0.977135,-0.975132,0.000391,-3.49e-05,3.56e-05,-3.17e-06,LT_NAND__Z__west_1.390.qca,ok,0.3
LT NAND,Z,displacement,west,1.4,-1.4,0.977255,-0.975268,0.000391,-3.49e-05,3.56e-05,-3.17e-06,LT_NAND__Z__west_1.400.qca,ok,0.3
LT NAND,Z,displacement,west,1.41,-1.41,0.977375,-0.975404,0.000391,-3.48e-05,3.56e-05,-3.17e-06,LT_NAND__Z__west_1.410.qca,ok,0.3
LT NAND,Z,displacement,west,1.42,-1.42,0.977495,-0.975539,0.000391,-3.48e-05,3.56e-05,-3.17e-06,LT_NAND__Z__west_1.420.qca,ok,0.3
LT NAND,Z,displacement,west,1.43,-1.43,0.977614,-0.975673,0.000391,-3.48e-05,3.56e-05,-3.16e-06,LT_NAND__Z__west_1.430.qca,ok,0.3
LT NAND,Z,displacement,west,1.44,-1.44,0.977733,-0.975807,0.000391,-3.48e-05,3.56e-05,-3.16e-06,LT_NAND__Z__west_1.440.qca,ok,0.3
LT NAND,Z,displacement,west,1.45,-1.45,0.977851,-0.97594,0.000391,-3.48e-05,3.56e-05,-3.16e-06,LT_NAND__Z__west_1.450.qca,ok,0.3
LT NAND,Z,displacement,west,1.46,-1.46,0.977968,-0.976073,0.000391,-3.48e-05,3.56e-05,-3.16e-06,LT_NAND__Z__west_1.460.qca,ok,0.3
LT NAND,Z,displacement,west,1.47,-1.47,0.978085,-0.976204,0.000391,-3.47e-05,3.56e-05,-3.16e-06,LT_NAND__Z__west_1.470.qca,ok,0.3
LT NAND,Z,displacement,west,1.48,-1.48,0.978201,-0.976335,0.000391,-3.47e-05,3.56e-05,-3.16e-06,LT_NAND__Z__west_1.480.qca,ok,0.3
LT NAND,Z,displacement,west,1.49,-1.49,0.978317,-0.976466,0.000391,-3.47e-05,3.56e-05,-3.16e-06,LT_NAND__Z__west_1.490.qca,ok,0.3
LT NAND,Z,displacement,west,1.5,-1.5,0.978432,-0.976596,0.000391,-3.47e-05,3.56e-05,-3.15e-06,LT_NAND__Z__west_1.500.qca,ok,0.3
LT NAND,Z,displacement,west,1.51,-1.51,0.978547,-0.976725,0.000391,-3.47e-05,3.56e-05,-3.15e-06,LT_NAND__Z__west_1.510.qca,ok,0.3
LT NAND,Z,displacement,west,1.52,-1.52,0.978661,-0.976853,0.000391,-3.47e-05,3.56e-05,-3.15e-06,LT_NAND__Z__west_1.520.qca,ok,0.3
LT NAND,Z,displacement,west,1.53,-1.53,0.978775,-0.976981,0.000391,-3.47e-05,3.56e-05,-3.15e-06,LT_NAND__Z__west_1.530.qca,ok,0.3
LT NAND,Z,displacement,west,1.54,-1.54,0.978888,-0.977108,0.000392,-3.46e-05,3.56e-05,-3.15e-06,LT_NAND__Z__west_1.540.qca,ok,0.3
LT NAND,Z,displacement,west,1.55,-1.55,0.979001,-0.977235,0.000392,-3.46e-05,3.56e-05,-3.15e-06,LT_NAND__Z__west_1.550.qca,ok,0.3
LT NAND,Z,displacement,west,1.56,-1.56,0.979113,-0.977361,0.000392,-3.46e-05,3.56e-05,-3.15e-06,LT_NAND__Z__west_1.560.qca,ok,0.3
LT NAND,Z,displacement,west,1.57,-1.57,0.979224,-0.977486,0.000392,-3.46e-05,3.56e-05,-3.15e-06,LT_NAND__Z__west_1.570.qca,ok,0.3
LT NAND,Z,displacement,west,1.58,-1.58,0.979335,-0.977611,0.000392,-3.46e-05,3.56e-05,-3.14e-06,LT_NAND__Z__west_1.580.qca,ok,0.3
LT NAND,Z,displacement,west,1.59,-1.59,0.979446,-0.977735,0.000392,-3.46e-05,3.56e-05,-3.14e-06,LT_NAND__Z__west_1.590.qca,ok,0.3
LT NAND,Z,displacement,west,1.6,-1.6,0.979556,-0.977858,0.000392,-3.46e-05,3.56e-05,-3.14e-06,LT_NAND__Z__west_1.600.qca,ok,0.3
LT NAND,Z,displacement,west,1.61,-1.61,0.979665,-0.977981,0.000392,-3.46e-05,3.56e-05,-3.14e-06,LT_NAND__Z__west_1.610.qca,ok,0.3
LT NAND,Z,displacement,west,1.62,-1.62,0.979774,-0.978103,0.000392,-3.45e-05,3.56e-05,-3.14e-06,LT_NAND__Z__west_1.620.qca,ok,0.3
LT NAND,Z,displacement,west,1.63,-1.63,0.979883,-0.978225,0.000392,-3.45e-05,3.56e-05,-3.14e-06,LT_NAND__Z__west_1.630.qca,ok,0.3
LT NAND,Z,displacement,west,1.64,-1.64,0.979991,-0.978346,0.000392,-3.45e-05,3.56e-05,-3.14e-06,LT_NAND__Z__west_1.640.qca,ok,0.3
LT NAND,Z,displacement,west,1.65,-1.65,0.980098,-0.978466,0.000392,-3.45e-05,3.56e-05,-3.14e-06,LT_NAND__Z__west_1.650.qca,ok,0.3
LT NAND,Z,displacement,west,1.66,-1.66,0.980205,-0.978586,0.000392,-3.45e-05,3.56e-05,-3.14e-06,LT_NAND__Z__west_1.660.qca,ok,0.3
LT NAND,Z,displacement,west,1.67,-1.67,0.980312,-0.978706,0.000392,-3.45e-05,3.56e-05,-3.13e-06,LT_NAND__Z__west_1.670.qca,ok,0.3
LT NAND,Z,displacement,west,1.68,-1.68,0.980418,-0.978824,0.000392,-3.45e-05,3.56e-05,-3.13e-06,LT_NAND__Z__west_1.680.qca,ok,0.3
LT NAND,Z,displacement,west,1.69,-1.69,0.980523,-0.978942,0.000392,-3.45e-05,3.56e-05,-3.13e-06,LT_NAND__Z__west_1.690.qca,ok,0.3
LT NAND,Z,displacement,west,1.7,-1.7,0.980628,-0.97906,0.000392,-3.44e-05,3.57e-05,-3.13e-06,LT_NAND__Z__west_1.700.qca,ok,0.3
LT NAND,Z,displacement,west,1.71,-1.71,0.980732,-0.979176,0.000392,-3.44e-05,3.57e-05,-3.13e-06,LT_NAND__Z__west_1.710.qca,ok,0.3
LT NAND,Z,displacement,west,1.72,-1.72,0.980836,-0.979293,0.000392,-3.44e-05,3.57e-05,-3.13e-06,LT_NAND__Z__west_1.720.qca,ok,0.3
LT NAND,Z,displacement,west,1.73,-1.73,0.98094,-0.979408,0.000392,-3.44e-05,3.57e-05,-3.13e-06,LT_NAND__Z__west_1.730.qca,ok,0.3
LT NAND,Z,displacement,west,1.74,-1.74,0.981043,-0.979523,0.000392,-3.44e-05,3.57e-05,-3.13e-06,LT_NAND__Z__west_1.740.qca,ok,0.3
LT NAND,Z,displacement,west,1.75,-1.75,0.981145,-0.979638,0.000392,-3.44e-05,3.57e-05,-3.13e-06,LT_NAND__Z__west_1.750.qca,ok,0.3
LT NAND,Z,displacement,west,1.76,-1.76,0.981247,-0.979752,0.000393,-3.44e-05,3.57e-05,-3.13e-06,LT_NAND__Z__west_1.760.qca,ok,0.3
LT NAND,Z,displacement,west,1.77,-1.77,0.981349,-0.979865,0.000393,-3.44e-05,3.57e-05,-3.12e-06,LT_NAND__Z__west_1.770.qca,ok,0.3
LT NAND,Z,displacement,west,1.78,-1.78,0.98145,-0.979978,0.000393,-3.44e-05,3.57e-05,-3.12e-06,LT_NAND__Z__west_1.780.qca,ok,0.3
LT NAND,Z,displacement,west,1.79,-1.79,0.981551,-0.98009,0.000393,-3.43e-05,3.57e-05,-3.12e-06,LT_NAND__Z__west_1.790.qca,ok,0.3
LT NAND,Z,displacement,west,1.8,-1.8,0.981651,-0.980202,0.000393,-3.43e-05,3.57e-05,-3.12e-06,LT_NAND__Z__west_1.800.qca,ok,0.3
